序号,企业名称,企业编号,建筑物名称,建筑物编号,车间名称,车间编号,工艺名称,工艺编号,采样点名称,采样点编号,最小值,最大值,低低设,低设,高设,高高设,类别,描述,x坐标,y坐标,高度,宽度,单位,测点
1,新亚强硅化学股份有限公司（二厂）,q0083,罐组1（二厂区）,q0083b0012,罐组1,q0083w0012,罐区工艺1,q0083s0005,一次联苯,q0083p0001,0,4700,0,500,3800,4000,工艺点位,,300,380,,,mm,
2,新亚强硅化学股份有限公司（二厂）,q0083,罐组1（二厂区）,q0083b0012,罐组1,q0083w0012,罐区工艺1,q0083s0005,低沸联苯,q0083p0002,0,4700,0,500,3800,4000,工艺点位,,512,530,,,mm,
3,新亚强硅化学股份有限公司（二厂）,q0083,罐组1（二厂区）,q0083b0012,罐组1,q0083w0012,罐区工艺1,q0083s0005,一苯脱色前,q0083p0003,0,4700,0,500,3800,4000,工艺点位,,726,380,,,mm,
4,新亚强硅化学股份有限公司（二厂）,q0083,罐组1（二厂区）,q0083b0012,罐组1,q0083w0012,罐区工艺1,q0083s0005,待脱高料,q0083p0004,0,4700,0,500,3800,4000,工艺点位,,947,380,,,mm,
5,新亚强硅化学股份有限公司（二厂）,q0083,罐组1（二厂区）,q0083b0012,罐组1,q0083w0012,罐区工艺1,q0083s0005,二苯精制前,q0083p0005,0,4700,0,500,3800,4000,工艺点位,,1160,430,,,mm,
6,新亚强硅化学股份有限公司（二厂）,q0083,罐组1（二厂区）,q0083b0012,罐组1,q0083w0012,罐区工艺1,q0083s0005,苯,q0083p0006,0,4700,0,500,3800,4000,工艺点位,,1370,380,,,mm,
7,新亚强硅化学股份有限公司（二厂）,q0083,罐组3（二厂区）,q0083b0014,罐组3,q0083w0014,罐区工艺3,q0083s0007,待精馏高沸,q0083p0007,0,4700,0,500,3800,4000,工艺点位,,338,470,,,mm,
8,新亚强硅化学股份有限公司（二厂）,q0083,罐组3（二厂区）,q0083b0014,罐组3,q0083w0014,罐区工艺3,q0083s0007,待精馏高沸,q0083p0008,0,4700,0,500,3800,4000,工艺点位,,545,470,,,mm,
9,新亚强硅化学股份有限公司（二厂）,q0083,罐组3（二厂区）,q0083b0014,罐组3,q0083w0014,罐区工艺3,q0083s0007,待精馏高沸,q0083p0009,0,4700,0,500,3800,4000,工艺点位,,765,470,,,mm,
10,新亚强硅化学股份有限公司（二厂）,q0083,罐组3（二厂区）,q0083b0014,罐组3,q0083w0014,罐区工艺3,q0083s0007,待精馏高沸,q0083p0010,0,4700,0,500,3800,4000,工艺点位,,972,470,,,mm,
11,新亚强硅化学股份有限公司（二厂）,q0083,罐组3（二厂区）,q0083b0014,罐组3,q0083w0014,罐区工艺3,q0083s0007,待精馏高沸,q0083p0011,0,4700,0,500,3800,4000,工艺点位,,1180,470,,,mm,
12,新亚强硅化学股份有限公司（二厂）,q0083,罐组3（二厂区）,q0083b0014,罐组3,q0083w0014,罐区工艺3,q0083s0007,待精馏高沸,q0083p0012,0,4700,0,500,3800,4000,工艺点位,,1390,470,,,mm,
13,新亚强硅化学股份有限公司（二厂）,q0083,罐组2（二厂区）,q0083b0013,罐组2,q0083w0013,罐区工艺2,q0083s0006,V1002A氯苯罐液位(雷达),q0083p0013,0,4700,0,500,3800,4000,工艺点位,,324,480,,,mm,
14,新亚强硅化学股份有限公司（二厂）,q0083,罐组2（二厂区）,q0083b0013,罐组2,q0083w0013,罐区工艺2,q0083s0006,V1002B氯苯罐液位(雷达),q0083p0014,0,4700,0,500,3800,4000,工艺点位,,535,530,,,mm,
15,新亚强硅化学股份有限公司（二厂）,q0083,罐组2（二厂区）,q0083b0013,罐组2,q0083w0013,罐区工艺2,q0083s0006,V1003A含苯低沸物液位(雷达),q0083p0015,0,4700,0,500,3800,4000,工艺点位,,752,480,,,mm,
16,新亚强硅化学股份有限公司（二厂）,q0083,罐组2（二厂区）,q0083b0013,罐组2,q0083w0013,罐区工艺2,q0083s0006,V1005A待脱高料液位(雷达),q0083p0016,0,4700,0,500,3800,4000,工艺点位,,960,480,,,mm,
17,新亚强硅化学股份有限公司（二厂）,q0083,罐组2（二厂区）,q0083b0013,罐组2,q0083w0013,罐区工艺2,q0083s0006,V1004A粗产品储罐液位(顶装),q0083p0017,0,4700,0,500,3800,4000,工艺点位,,1175,480,,,mm,
18,新亚强硅化学股份有限公司（二厂）,q0083,罐组2（二厂区）,q0083b0013,罐组2,q0083w0013,罐区工艺2,q0083s0006,V1004B粗产品储罐液位(顶装),q0083p0018,0,4700,0,500,3800,4000,工艺点位,,1382,480,,,mm,
19,新亚强硅化学股份有限公司（二厂）,q0083,罐组4（二厂区）,q0083b0015,罐组4,q0083w0015,罐区工艺4,q0083s0008,V1002C液位(雷达) 含苯低沸物,q0083p0019,0,4700,0,500,3800,4000,工艺点位,,362,650,,,mm,
20,新亚强硅化学股份有限公司（二厂）,q0083,罐组4（二厂区）,q0083b0015,罐组4,q0083w0015,罐区工艺4,q0083s0008,V1002D液位(雷达) 含苯低沸物,q0083p0020,0,4700,0,500,3800,4000,工艺点位,,574,600,,,mm,
21,新亚强硅化学股份有限公司（二厂）,q0083,罐组4（二厂区）,q0083b0015,罐组4,q0083w0015,罐区工艺4,q0083s0008,V1003B液位(雷达) 低沸物,q0083p0021,0,4700,0,500,3800,4000,工艺点位,,785,650,,,mm,
22,新亚强硅化学股份有限公司（二厂）,q0083,罐组4（二厂区）,q0083b0015,罐组4,q0083w0015,罐区工艺4,q0083s0008,V1005B液位(雷达) 二苯馏分,q0083p0022,0,4700,0,500,3800,4000,工艺点位,,1000,650,,,mm,
23,新亚强硅化学股份有限公司（二厂）,q0083,罐组4（二厂区）,q0083b0015,罐组4,q0083w0015,罐区工艺4,q0083s0008,V1004C液位(雷达) 二苯馏分,q0083p0023,0,4700,0,500,3800,4000,工艺点位,,1208,600,,,mm,
24,新亚强硅化学股份有限公司（二厂）,q0083,罐组4（二厂区）,q0083b0015,罐组4,q0083w0015,罐区工艺4,q0083s0008,V1004D液位(雷达) 含苯低沸物,q0083p0024,0,4700,0,500,3800,4000,工艺点位,,1415,650,,,mm,
25,新亚强硅化学股份有限公司（二厂）,q0083,罐组6（二厂区）,q0083b0017,罐组6,q0083w0017,罐区工艺6,q0083s0009,V1024罐温度 二次低沸物,q0083p0025,-20,100,-20,-10,70,80,工艺点位,,977,180,,,℃,
26,新亚强硅化学股份有限公司（二厂）,q0083,罐组6（二厂区）,q0083b0017,罐组6,q0083w0017,罐区工艺6,q0083s0009,V1023罐温度 含苯低沸物,q0083p0026,-20,100,-20,-10,70,80,工艺点位,,826,180,,,℃,
27,新亚强硅化学股份有限公司（二厂）,q0083,罐组6（二厂区）,q0083b0017,罐组6,q0083w0017,罐区工艺6,q0083s0009,V1022罐温度 三甲基氯硅烷,q0083p0027,-20,100,-20,-10,70,80,工艺点位,,680,330,,,℃,
28,新亚强硅化学股份有限公司（二厂）,q0083,罐组6（二厂区）,q0083b0017,罐组6,q0083w0017,罐区工艺6,q0083s0009,V1021罐温度 三甲基氯硅烷,q0083p0028,-20,100,-20,-10,70,80,工艺点位,,540,180,,,℃,
29,新亚强硅化学股份有限公司（二厂）,q0083,罐组2（二厂区）,q0083b0013,罐组2,q0083w0013,罐区工艺2,q0083s0006,1002a氯苯储罐温度 ,q0083p0029,-20,100,-20,-10,70,80,工艺点位,,324,630,,,℃,
30,新亚强硅化学股份有限公司（二厂）,q0083,罐组2（二厂区）,q0083b0013,罐组2,q0083w0013,罐区工艺2,q0083s0006,1002b氯苯储罐温度 ,q0083p0030,-20,100,-20,-10,70,80,工艺点位,,535,630,,,℃,
31,新亚强硅化学股份有限公司（二厂）,q0083,罐组2（二厂区）,q0083b0013,罐组2,q0083w0013,罐区工艺2,q0083s0006,1005a事故储罐温度 ,q0083p0031,-20,100,-20,-10,70,80,工艺点位,,960,630,,,℃,
32,新亚强硅化学股份有限公司（二厂）,q0083,罐组6（二厂区）,q0083b0017,罐组6,q0083w0017,罐区工艺6,q0083s0009,V1028罐温度 硅醚,q0083p0032,-20,100,-20,-10,70,80,工艺点位,,988,600,,,℃,
33,新亚强硅化学股份有限公司（二厂）,q0083,罐组6（二厂区）,q0083b0017,罐组6,q0083w0017,罐区工艺6,q0083s0009,V1027罐温度 硅氮,q0083p0033,-20,100,-20,-10,70,80,工艺点位,,842,550,,,℃,
34,新亚强硅化学股份有限公司（二厂）,q0083,罐组6（二厂区）,q0083b0017,罐组6,q0083w0017,罐区工艺6,q0083s0009,V1026罐温度 硅氮,q0083p0034,-20,100,-20,-10,70,80,工艺点位,,695,600,,,℃,
35,新亚强硅化学股份有限公司（二厂）,q0083,罐组6（二厂区）,q0083b0017,罐组6,q0083w0017,罐区工艺6,q0083s0009,V1025罐温度 氯苯,q0083p0035,-20,100,-20,-10,70,80,工艺点位,,542,550,,,℃,
36,新亚强硅化学股份有限公司（二厂）,q0083,罐组4（二厂区）,q0083b0015,罐组4,q0083w0015,罐区工艺4,q0083s0008,1002c氯苯储罐温度 ,q0083p0036,-20,100,-20,-10,70,80,工艺点位,,362,600,,,℃,
37,新亚强硅化学股份有限公司（二厂）,q0083,罐组4（二厂区）,q0083b0015,罐组4,q0083w0015,罐区工艺4,q0083s0008,1002d氯苯储罐温度 ,q0083p0037,-20,100,-20,-10,70,80,工艺点位,,574,650,,,℃,
38,新亚强硅化学股份有限公司（二厂）,q0083,罐组4（二厂区）,q0083b0015,罐组4,q0083w0015,罐区工艺4,q0083s0008,1005b事故储罐温度 ,q0083p0038,-20,100,-20,-10,70,80,工艺点位,,1000,500,,,℃,
39,新亚强硅化学股份有限公司（二厂）,q0083,203焚烧车间（二厂区）,q0083b0018,203焚烧车间,q0083w0018,焚烧车间,q0083s0002,1000a液碱储罐温度 ,q0083p0039,-20,100,-20,-10,70,80,工艺点位,,1500,760,,,℃,
40,新亚强硅化学股份有限公司（二厂）,q0083,罐组2（二厂区）,q0083b0013,罐组2,q0083w0013,罐区工艺2,q0083s0006,1003a低沸物储罐温度 ,q0083p0040,-20,100,-20,-10,70,80,工艺点位,,752,630,,,℃,
41,新亚强硅化学股份有限公司（二厂）,q0083,罐组4（二厂区）,q0083b0015,罐组4,q0083w0015,罐区工艺4,q0083s0008,1003b低沸物储罐温度 ,q0083p0041,-20,100,-20,-10,70,80,工艺点位,,785,600,,,℃,
42,新亚强硅化学股份有限公司（二厂）,q0083,罐组2（二厂区）,q0083b0013,罐组2,q0083w0013,罐区工艺2,q0083s0006,1004a粗产品储罐温度 ,q0083p0044,-20,100,-20,-10,70,80,工艺点位,,1175,630,,,℃,
43,新亚强硅化学股份有限公司（二厂）,q0083,罐组2（二厂区）,q0083b0013,罐组2,q0083w0013,罐区工艺2,q0083s0006,1004b粗产品储罐温度 ,q0083p0045,-20,100,-20,-10,70,80,工艺点位,,1382,630,,,℃,
44,新亚强硅化学股份有限公司（二厂）,q0083,罐组1（二厂区）,q0083b0012,罐组1,q0083w0012,罐区工艺1,q0083s0005,1006a中间馏分罐温度 ,q0083p0046,-20,100,-20,-10,70,80,工艺点位,,300,530,,,℃,
45,新亚强硅化学股份有限公司（二厂）,q0083,罐组1（二厂区）,q0083b0012,罐组1,q0083w0012,罐区工艺1,q0083s0005,1011A四氯化硅温度,q0083p0047,-20,100,-20,-10,70,80,工艺点位,,512,480,,,℃,
46,新亚强硅化学股份有限公司（二厂）,q0083,罐组1（二厂区）,q0083b0012,罐组1,q0083w0012,罐区工艺1,q0083s0005,1011bTri储罐温度 ,q0083p0048,-20,100,-20,-10,70,80,工艺点位,,726,430,,,℃,
47,新亚强硅化学股份有限公司（二厂）,q0083,罐组1（二厂区）,q0083b0012,罐组1,q0083w0012,罐区工艺1,q0083s0005,1012a二次低沸储罐温度 ,q0083p0049,-20,100,-20,-10,70,80,工艺点位,,947,530,,,℃,
48,新亚强硅化学股份有限公司（二厂）,q0083,罐组1（二厂区）,q0083b0012,罐组1,q0083w0012,罐区工艺1,q0083s0005,1012b∮DI储罐温度 ,q0083p0050,-20,100,-20,-10,70,80,工艺点位,,1160,480,,,℃,
49,新亚强硅化学股份有限公司（二厂）,q0083,罐组1（二厂区）,q0083b0012,罐组1,q0083w0012,罐区工艺1,q0083s0005,1013a苯罐温度 ,q0083p0051,-20,100,-20,-10,70,80,工艺点位,,1370,530,,,℃,
50,新亚强硅化学股份有限公司（二厂）,q0083,罐组4（二厂区）,q0083b0015,罐组4,q0083w0015,罐区工艺4,q0083s0008,1004c二次二苯前馏温度 ,q0083p0052,-20,100,-20,-10,70,80,工艺点位,,1208,550,,,℃,
51,新亚强硅化学股份有限公司（二厂）,q0083,罐组4（二厂区）,q0083b0015,罐组4,q0083w0015,罐区工艺4,q0083s0008,1004d二次低沸温度 ,q0083p0053,-20,100,-20,-10,70,80,工艺点位,,1415,600,,,℃,
52,新亚强硅化学股份有限公司（二厂）,q0083,罐组3（二厂区）,q0083b0014,罐组3,q0083w0014,罐区工艺3,q0083s0007,1006b中间馏分罐温度 ,q0083p0054,-20,100,-20,-10,70,80,工艺点位,,338,570,,,℃,
53,新亚强硅化学股份有限公司（二厂）,q0083,罐组3（二厂区）,q0083b0014,罐组3,q0083w0014,罐区工艺3,q0083s0007,1011c苯稀释后残液温度 ,q0083p0055,-20,100,-20,-10,70,80,工艺点位,,545,570,,,℃,
54,新亚强硅化学股份有限公司（二厂）,q0083,罐组3（二厂区）,q0083b0014,罐组3,q0083w0014,罐区工艺3,q0083s0007,1011d低沸稀释后残液温度 ,q0083p0056,-20,100,-20,-10,70,80,工艺点位,,765,620,,,℃,
55,新亚强硅化学股份有限公司（二厂）,q0083,罐组3（二厂区）,q0083b0014,罐组3,q0083w0014,罐区工艺3,q0083s0007,1012c∮DI储罐温度 ,q0083p0057,-20,100,-20,-10,70,80,工艺点位,,972,620,,,℃,
56,新亚强硅化学股份有限公司（二厂）,q0083,罐组3（二厂区）,q0083b0014,罐组3,q0083w0014,罐区工艺3,q0083s0007,1012D三氯氢硅温度 ,q0083p0058,-20,100,-20,-10,70,80,工艺点位,,1180,620,,,℃,
57,新亚强硅化学股份有限公司（二厂）,q0083,罐组3（二厂区）,q0083b0014,罐组3,q0083w0014,罐区工艺3,q0083s0007,1013b苯罐温度 ,q0083p0059,-20,100,-20,-10,70,80,工艺点位,,1390,620,,,℃,
58,新亚强硅化学股份有限公司（二厂）,q0083,罐组6（二厂区）,q0083b0017,罐组6,q0083w0017,罐区工艺6,q0083s0009,V1021液位(双法兰) 三甲基氯硅烷,q0083p0060,0,5600,0,600,4500,4800,工艺点位,,540,330,,,mm,
59,新亚强硅化学股份有限公司（二厂）,q0083,罐组6（二厂区）,q0083b0017,罐组6,q0083w0017,罐区工艺6,q0083s0009,V1022液位(双法兰) 三甲基氯硅烷,q0083p0061,0,5600,0,600,4500,4800,工艺点位,,680,280,,,mm,
60,新亚强硅化学股份有限公司（二厂）,q0083,罐组6（二厂区）,q0083b0017,罐组6,q0083w0017,罐区工艺6,q0083s0009,V1023液位(双法兰) 含苯低沸物,q0083p0062,0,5600,0,600,4500,4800,工艺点位,,826,230,,,mm,
61,新亚强硅化学股份有限公司（二厂）,q0083,罐组6（二厂区）,q0083b0017,罐组6,q0083w0017,罐区工艺6,q0083s0009,V1024液位(双法兰) 二次低沸物,q0083p0063,0,5600,0,600,4500,4800,工艺点位,,977,230,,,mm,
62,新亚强硅化学股份有限公司（二厂）,q0083,罐组6（二厂区）,q0083b0017,罐组6,q0083w0017,罐区工艺6,q0083s0009,V1025液位(双法兰)  氯苯,q0083p0064,0,5600,0,600,4500,4800,工艺点位,,542,600,,,mm,
63,新亚强硅化学股份有限公司（二厂）,q0083,罐组6（二厂区）,q0083b0017,罐组6,q0083w0017,罐区工艺6,q0083s0009,V1026液位(双法兰) 硅氮,q0083p0065,0,5600,0,600,4500,4800,工艺点位,,695,550,,,mm,
64,新亚强硅化学股份有限公司（二厂）,q0083,罐组6（二厂区）,q0083b0017,罐组6,q0083w0017,罐区工艺6,q0083s0009,V1027液位(双法兰) 三甲,q0083p0066,0,5600,0,600,4500,4800,工艺点位,,842,600,,,mm,
65,新亚强硅化学股份有限公司（二厂）,q0083,罐组6（二厂区）,q0083b0017,罐组6,q0083w0017,罐区工艺6,q0083s0009,V1028液位(双法兰) 硅醚,q0083p0067,0,5600,0,600,4500,4800,工艺点位,,988,650,,,mm,
66,新亚强硅化学股份有限公司（二厂）,q0083,203焚烧车间（二厂区）,q0083b0018,203焚烧车间,q0083w0018,焚烧车间,q0083s0002,氮气总管压力 PT0001,q0083p0068,0,0.85,0,0.1,0.6,0.7,工艺点位,,550,300,,,Mpa,
67,新亚强硅化学股份有限公司（二厂）,q0083,203焚烧车间（二厂区）,q0083b0018,203焚烧车间,q0083w0018,焚烧车间,q0083s0002,仪表气总管压力 ,q0083p0069,0,1,0,0.1,0.8,0.9,工艺点位,,1000,300,,,Mpa,
68,新亚强硅化学股份有限公司（二厂）,q0083,203焚烧车间（二厂区）,q0083b0018,203焚烧车间,q0083w0018,焚烧车间,q0083s0002,焚烧车间氧气分析,q0083p0072,0,25,0,5,15,18,工艺点位,,280,50,,,%,
69,新亚强硅化学股份有限公司（二厂）,q0083,203焚烧车间（二厂区）,q0083b0018,203焚烧车间,q0083w0018,焚烧车间,q0083s0002,废液压力,q0083p0073,0,1,0,0.1,0.8,0.9,工艺点位,,120,300,,,Mpa,
70,新亚强硅化学股份有限公司（二厂）,q0083,203焚烧车间（二厂区）,q0083b0018,203焚烧车间,q0083w0018,焚烧车间,q0083s0002,冷却水总管流量 ,q0083p0076,0,100,0,10,80,90,工艺点位,,1000,350,,,%,
71,新亚强硅化学股份有限公司（二厂）,q0083,203焚烧车间（二厂区）,q0083b0018,203焚烧车间,q0083w0018,焚烧车间,q0083s0002,尾气压缩机润滑油压力,q0083p0077,0,1,0,0.1,0.8,0.9,工艺点位,,260,105,,,Mpa,
72,新亚强硅化学股份有限公司（二厂）,q0083,203焚烧车间（二厂区）,q0083b0018,203焚烧车间,q0083w0018,焚烧车间,q0083s0002,尾气压缩机进气压力,q0083p0078,-100,200,-100,-50,100,150,工艺点位,,20,120,,,kpa,
73,新亚强硅化学股份有限公司（二厂）,q0083,203焚烧车间（二厂区）,q0083b0018,203焚烧车间,q0083w0018,焚烧车间,q0083s0002,尾气压缩机排气温度,q0083p0079,0,200,0,50,150,180,工艺点位,,140,175,,,℃,
74,新亚强硅化学股份有限公司（二厂）,q0083,203焚烧车间（二厂区）,q0083b0018,203焚烧车间,q0083w0018,焚烧车间,q0083s0002,无阀过滤器进水流量,q0083p0081,0,320,0,20,250,280,工艺点位,,1200,500,,,t/h,
75,新亚强硅化学股份有限公司（二厂）,q0083,203焚烧车间（二厂区）,q0083b0018,203焚烧车间,q0083w0018,焚烧车间,q0083s0002,尾气压缩机排气压力,q0083p0082,0,1,0,0.1,0.8,0.9,工艺点位,,380,50,,,Mpa,
76,新亚强硅化学股份有限公司（二厂）,q0083,203焚烧车间（二厂区）,q0083b0018,203焚烧车间,q0083w0018,焚烧车间,q0083s0002,HCL罐液位1,q0083p0083,0,3400,0,400,2800,3000,工艺点位,,1200,650,,,mm,
77,新亚强硅化学股份有限公司（二厂）,q0083,203焚烧车间（二厂区）,q0083b0018,203焚烧车间,q0083w0018,焚烧车间,q0083s0002,HCL罐液位1,q0083p0084,0,3400,0,400,2800,3000,工艺点位,,1000,600,,,mm,
78,新亚强硅化学股份有限公司（二厂）,q0083,203焚烧车间（二厂区）,q0083b0018,203焚烧车间,q0083w0018,焚烧车间,q0083s0002,备用AI ,q0083p0085,0,100,0,10,80,90,工艺点位,,700,500,,,t/h,
79,新亚强硅化学股份有限公司（二厂）,q0083,203焚烧车间（二厂区）,q0083b0018,203焚烧车间,q0083w0018,焚烧车间,q0083s0002,Tri装车流量 ,q0083p0086,0,7,0,1,5,6,工艺点位,,250,700,,,t/h,
80,新亚强硅化学股份有限公司（二厂）,q0083,罐组2（二厂区）,q0083b0013,罐组2,q0083w0013,罐区工艺2,q0083s0006,V1002A氯苯罐压力,q0083p0089,0,1,0,0.1,0.8,0.9,工艺点位,,324,530,,,Mpa,
81,新亚强硅化学股份有限公司（二厂）,q0083,罐组2（二厂区）,q0083b0013,罐组2,q0083w0013,罐区工艺2,q0083s0006,V1002B氯苯罐压力,q0083p0090,0,1,0,0.1,0.8,0.9,工艺点位,,535,580,,,Mpa,
82,新亚强硅化学股份有限公司（二厂）,q0083,罐组2（二厂区）,q0083b0013,罐组2,q0083w0013,罐区工艺2,q0083s0006,V1003A含苯低沸罐压力,q0083p0091,0,1,0,0.1,0.8,0.9,工艺点位,,752,530,,,Mpa,
83,新亚强硅化学股份有限公司（二厂）,q0083,罐组2（二厂区）,q0083b0013,罐组2,q0083w0013,罐区工艺2,q0083s0006,V1004A粗产品储罐压力,q0083p0092,0,0.5,0,0.1,0.3,0.4,工艺点位,,1175,530,,,Mpa,
84,新亚强硅化学股份有限公司（二厂）,q0083,罐组2（二厂区）,q0083b0013,罐组2,q0083w0013,罐区工艺2,q0083s0006,V1004B粗产品储罐压力,q0083p0093,0,1,0,0.1,0.8,0.9,工艺点位,,1382,530,,,Mpa,
85,新亚强硅化学股份有限公司（二厂）,q0083,罐组2（二厂区）,q0083b0013,罐组2,q0083w0013,罐区工艺2,q0083s0006,V1005A待脱高料罐压力,q0083p0094,0,1,0,0.1,0.8,0.9,工艺点位,,960,530,,,Mpa,
86,新亚强硅化学股份有限公司（二厂）,q0083,罐组1（二厂区）,q0083b0012,罐组1,q0083w0012,罐区工艺1,q0083s0005,V1006A一次联苯罐压力,q0083p0095,0,0.8,0,0.1,0.6,0.7,工艺点位,,300,430,,,Mpa,
87,新亚强硅化学股份有限公司（二厂）,q0083,罐组4（二厂区）,q0083b0015,罐组4,q0083w0015,罐区工艺4,q0083s0008,V1002C罐压力 含苯低沸物,q0083p0096,0,1,0,0.1,0.8,0.9,工艺点位,,362,550,,,Mpa,
88,新亚强硅化学股份有限公司（二厂）,q0083,罐组4（二厂区）,q0083b0015,罐组4,q0083w0015,罐区工艺4,q0083s0008,V1002D罐压力 含苯低沸物,q0083p0097,0,1,0,0.1,0.8,0.9,工艺点位,,574,550,,,Mpa,
89,新亚强硅化学股份有限公司（二厂）,q0083,罐组4（二厂区）,q0083b0015,罐组4,q0083w0015,罐区工艺4,q0083s0008,V1003B罐压力 低沸物,q0083p0098,0,1,0,0.1,0.8,0.9,工艺点位,,785,550,,,Mpa,
90,新亚强硅化学股份有限公司（二厂）,q0083,罐组4（二厂区）,q0083b0015,罐组4,q0083w0015,罐区工艺4,q0083s0008,V1004C二苯馏分罐压力,q0083p0099,0,1,0,0.1,0.8,0.9,工艺点位,,1208,650,,,Mpa,
91,新亚强硅化学股份有限公司（二厂）,q0083,罐组4（二厂区）,q0083b0015,罐组4,q0083w0015,罐区工艺4,q0083s0008,V1004D罐压力  含苯低沸物,q0083p0100,0,1,0,0.1,0.8,0.9,工艺点位,,1415,550,,,Mpa,
92,新亚强硅化学股份有限公司（二厂）,q0083,罐组4（二厂区）,q0083b0015,罐组4,q0083w0015,罐区工艺4,q0083s0008,V1005B罐压力 二苯馏分,q0083p0101,0,1,0,0.1,0.8,0.9,工艺点位,,1000,600,,,Mpa,
93,新亚强硅化学股份有限公司（二厂）,q0083,罐组3（二厂区）,q0083b0014,罐组3,q0083w0014,罐区工艺3,q0083s0007,V1006B待精馏高沸罐压力,q0083p0102,0,1,0,0.1,0.8,0.9,工艺点位,,338,520,,,Mpa,
94,新亚强硅化学股份有限公司（二厂）,q0083,罐组6（二厂区）,q0083b0017,罐组6,q0083w0017,罐区工艺6,q0083s0009,V1028罐液位(磁翻板) 硅醚,q0083p0103,0,5600,0,600,4500,4800,工艺点位,,988,700,,,mm,
95,新亚强硅化学股份有限公司（二厂）,q0083,罐组6（二厂区）,q0083b0017,罐组6,q0083w0017,罐区工艺6,q0083s0009,V1027罐液位(磁翻板) 三甲,q0083p0104,0,5800,0,600,4500,4800,工艺点位,,842,650,,,mm,
96,新亚强硅化学股份有限公司（二厂）,q0083,罐组6（二厂区）,q0083b0017,罐组6,q0083w0017,罐区工艺6,q0083s0009,V1026罐液位(磁翻板) 硅氮,q0083p0105,0,5600,0,600,4500,4800,工艺点位,,695,650,,,mm,
97,新亚强硅化学股份有限公司（二厂）,q0083,罐组6（二厂区）,q0083b0017,罐组6,q0083w0017,罐区工艺6,q0083s0009,V1025罐液位(磁翻板) 氯苯,q0083p0106,0,5600,0,600,4500,4800,工艺点位,,542,650,,,mm,
98,新亚强硅化学股份有限公司（二厂）,q0083,罐组6（二厂区）,q0083b0017,罐组6,q0083w0017,罐区工艺6,q0083s0009,V1024罐液位(磁翻板) 二次低沸物,q0083p0107,0,5600,0,600,4500,4800,工艺点位,,977,280,,,mm,
99,新亚强硅化学股份有限公司（二厂）,q0083,罐组6（二厂区）,q0083b0017,罐组6,q0083w0017,罐区工艺6,q0083s0009,V1023罐液位(磁翻板) 含苯低沸物,q0083p0108,0,5600,0,600,4500,4800,工艺点位,,826,280,,,mm,
100,新亚强硅化学股份有限公司（二厂）,q0083,罐组6（二厂区）,q0083b0017,罐组6,q0083w0017,罐区工艺6,q0083s0009,V1022罐液位(磁翻板) 三甲基氯硅烷,q0083p0109,0,5600,0,600,4500,4800,工艺点位,,680,180,,,mm,
101,新亚强硅化学股份有限公司（二厂）,q0083,罐组6（二厂区）,q0083b0017,罐组6,q0083w0017,罐区工艺6,q0083s0009,V1021罐液位(磁翻板) 三甲基氯硅烷,q0083p0110,0,5600,0,600,4500,4800,工艺点位,,540,280,,,mm,
102,新亚强硅化学股份有限公司（二厂）,q0083,罐组1（二厂区）,q0083b0012,罐组1,q0083w0012,罐区工艺1,q0083s0005,V1011A低沸联苯罐压力,q0083p0111,0,1,0,0.1,0.8,0.9,工艺点位,,512,380,,,Mpa,
103,新亚强硅化学股份有限公司（二厂）,q0083,罐组6（二厂区）,q0083b0017,罐组6,q0083w0017,罐区工艺6,q0083s0009,V1024压力 二次低沸物,q0083p0112,0,1,0,0.1,0.8,0.9,工艺点位,,977,330,,,Mpa,
104,新亚强硅化学股份有限公司（二厂）,q0083,罐组6（二厂区）,q0083b0017,罐组6,q0083w0017,罐区工艺6,q0083s0009,V1023压力 含苯低沸物,q0083p0113,0,1,0,0.1,0.8,0.9,工艺点位,,826,330,,,Mpa,
105,新亚强硅化学股份有限公司（二厂）,q0083,罐组6（二厂区）,q0083b0017,罐组6,q0083w0017,罐区工艺6,q0083s0009,V1022压力 三甲基氯硅烷,q0083p0114,0,1,0,0.1,0.8,0.9,工艺点位,,680,230,,,Mpa,
106,新亚强硅化学股份有限公司（二厂）,q0083,罐组6（二厂区）,q0083b0017,罐组6,q0083w0017,罐区工艺6,q0083s0009,V1021压力 三甲基氯硅烷,q0083p0115,0,1,0,0.1,0.8,0.9,工艺点位,,540,230,,,Mpa,
107,新亚强硅化学股份有限公司（二厂）,q0083,203焚烧车间（二厂区）,q0083b0018,203焚烧车间,q0083w0018,焚烧车间,q0083s0002,罐区尾气去焚烧炉压力 ,q0083p0116,0,1,0,0.1,0.8,0.9,工艺点位,,680,720,,,Mpa,
108,新亚强硅化学股份有限公司（二厂）,q0083,203焚烧车间（二厂区）,q0083b0018,203焚烧车间,q0083w0018,焚烧车间,q0083s0002,罐区进氮气总管压力 ,q0083p0117,0,1.6,0,0.1,1.2,1.3,工艺点位,,900,500,,,Mpa,
109,新亚强硅化学股份有限公司（二厂）,q0083,罐组6（二厂区）,q0083b0017,罐组6,q0083w0017,罐区工艺6,q0083s0009,V1027压力 三甲,q0083p0118,0,1,0,0.1,0.8,0.9,工艺点位,,842,700,,,Mpa,
110,新亚强硅化学股份有限公司（二厂）,q0083,罐组3（二厂区）,q0083b0014,罐组3,q0083w0014,罐区工艺3,q0083s0007,V1011C待精馏高沸罐压力,q0083p0119,0,1,0,0.1,0.8,0.9,工艺点位,,545,520,,,Mpa,
111,新亚强硅化学股份有限公司（二厂）,q0083,罐组3（二厂区）,q0083b0014,罐组3,q0083w0014,罐区工艺3,q0083s0007,V1011D待精馏高沸罐压力,q0083p0120,0,1,0,0.1,0.8,0.9,工艺点位,,765,520,,,Mpa,
112,新亚强硅化学股份有限公司（二厂）,q0083,罐组3（二厂区）,q0083b0014,罐组3,q0083w0014,罐区工艺3,q0083s0007,V1012C待精馏高沸罐压力,q0083p0121,0,1,0,0.1,0.8,0.9,工艺点位,,972,520,,,Mpa,
113,新亚强硅化学股份有限公司（二厂）,q0083,罐组6（二厂区）,q0083b0017,罐组6,q0083w0017,罐区工艺6,q0083s0009,V1026罐压力  硅氮,q0083p0122,0,1,0,0.1,0.8,0.9,工艺点位,,695,700,,,Mpa,
114,新亚强硅化学股份有限公司（二厂）,q0083,罐组6（二厂区）,q0083b0017,罐组6,q0083w0017,罐区工艺6,q0083s0009,V1025罐压力  氯苯,q0083p0123,0,1,0,0.1,0.8,0.9,工艺点位,,542,700,,,Mpa,
115,新亚强硅化学股份有限公司（二厂）,q0083,203焚烧车间（二厂区）,q0083b0018,203焚烧车间,q0083w0018,焚烧车间,q0083s0002,液碱储罐液位 ,q0083p0124,0,7000,0,500,6000,6500,工艺点位,,700,500,,,mm,
116,新亚强硅化学股份有限公司（二厂）,q0083,203焚烧车间（二厂区）,q0083b0018,203焚烧车间,q0083w0018,焚烧车间,q0083s0002,尾气压缩机入口氧分,q0083p0125,0,2,0,0.2,1.5,1.8,工艺点位,,200,300,,,%,
117,新亚强硅化学股份有限公司（二厂）,q0083,203焚烧车间（二厂区）,q0083b0018,203焚烧车间,q0083w0018,焚烧车间,q0083s0002,尾气压缩机入口氧分透光率,q0083p0126,0,100,0,10,80,90,工艺点位,,100,255,,,TEL,
118,新亚强硅化学股份有限公司（二厂）,q0083,罐组2（二厂区）,q0083b0013,罐组2,q0083w0013,罐区工艺2,q0083s0006,1002a.氯苯储罐液位 ,q0083p0127,0,4200,0,200,3600,3800,工艺点位,,324,580,,,mm,
119,新亚强硅化学股份有限公司（二厂）,q0083,罐组2（二厂区）,q0083b0013,罐组2,q0083w0013,罐区工艺2,q0083s0006,1002b氯苯储罐液位 ,q0083p0128,0,4200,0,200,3600,3800,工艺点位,,535,480,,,mm,
120,新亚强硅化学股份有限公司（二厂）,q0083,罐组2（二厂区）,q0083b0013,罐组2,q0083w0013,罐区工艺2,q0083s0006,1003a低沸物储罐液位 ,q0083p0129,0,4200,0,200,3600,3800,工艺点位,,752,580,,,mm,
121,新亚强硅化学股份有限公司（二厂）,q0083,罐组1（二厂区）,q0083b0012,罐组1,q0083w0012,罐区工艺1,q0083s0005,V1012A待脱高料罐压力,q0083p0130,0,1,0,0.1,0.8,0.9,工艺点位,,947,430,,,Mpa,
122,新亚强硅化学股份有限公司（二厂）,q0083,罐组1（二厂区）,q0083b0012,罐组1,q0083w0012,罐区工艺1,q0083s0005,V1012B二苯精制前罐压力,q0083p0131,0,1,0,0.1,0.8,0.9,工艺点位,,1160,530,,,Mpa,
123,新亚强硅化学股份有限公司（二厂）,q0083,罐组4（二厂区）,q0083b0015,罐组4,q0083w0015,罐区工艺4,q0083s0008,1002c氯苯储罐液位 ,q0083p0132,0,4200,0,200,3600,3800,工艺点位,,362,500,,,mm,
124,新亚强硅化学股份有限公司（二厂）,q0083,罐组4（二厂区）,q0083b0015,罐组4,q0083w0015,罐区工艺4,q0083s0008,1002d氯苯储罐液位 ,q0083p0133,0,4200,0,200,3600,3800,工艺点位,,574,500,,,mm,
125,新亚强硅化学股份有限公司（二厂）,q0083,罐组4（二厂区）,q0083b0015,罐组4,q0083w0015,罐区工艺4,q0083s0008,1003b低沸物储罐液位 ,q0083p0134,0,4200,0,200,3600,3800,工艺点位,,785,500,,,mm,
126,新亚强硅化学股份有限公司（二厂）,q0083,罐组1（二厂区）,q0083b0012,罐组1,q0083w0012,罐区工艺1,q0083s0005,V1011B一苯脱色前罐压力,q0083p0135,0,1,0,0.1,0.8,0.9,工艺点位,,726,530,,,Mpa,
127,新亚强硅化学股份有限公司（二厂）,q0083,罐组1（二厂区）,q0083b0012,罐组1,q0083w0012,罐区工艺1,q0083s0005,V1013A罐压力  苯,q0083p0136,0,1,0,0.1,0.8,0.9,工艺点位,,1370,430,,,Mpa,
128,新亚强硅化学股份有限公司（二厂）,q0083,罐组2（二厂区）,q0083b0013,罐组2,q0083w0013,罐区工艺2,q0083s0006,1004a粗产品罐液位 ,q0083p0137,0,4200,0,200,3600,3800,工艺点位,,1175,580,,,mm,
129,新亚强硅化学股份有限公司（二厂）,q0083,罐组2（二厂区）,q0083b0013,罐组2,q0083w0013,罐区工艺2,q0083s0006,1004b粗产品罐液位 ,q0083p0138,0,4200,0,200,3600,3800,工艺点位,,1382,580,,,mm,
130,新亚强硅化学股份有限公司（二厂）,q0083,罐组2（二厂区）,q0083b0013,罐组2,q0083w0013,罐区工艺2,q0083s0006,1005a事故罐液位 ,q0083p0139,0,4200,0,200,3600,3800,工艺点位,,960,580,,,mm,
131,新亚强硅化学股份有限公司（二厂）,q0083,罐组1（二厂区）,q0083b0012,罐组1,q0083w0012,罐区工艺1,q0083s0005,1006a中间馏分储罐液位 ,q0083p0140,0,4200,0,200,3600,3800,工艺点位,,300,480,,,mm,
132,新亚强硅化学股份有限公司（二厂）,q0083,罐组1（二厂区）,q0083b0012,罐组1,q0083w0012,罐区工艺1,q0083s0005,1011aTri储罐液位 ,q0083p0141,0,4200,0,200,3600,3800,工艺点位,,512,430,,,mm,
133,新亚强硅化学股份有限公司（二厂）,q0083,罐组1（二厂区）,q0083b0012,罐组1,q0083w0012,罐区工艺1,q0083s0005,1011bTri储罐液位 ,q0083p0142,0,4200,0,200,3600,3800,工艺点位,,726,480,,,mm,
134,新亚强硅化学股份有限公司（二厂）,q0083,罐组4（二厂区）,q0083b0015,罐组4,q0083w0015,罐区工艺4,q0083s0008,1004c粗产品罐液位 ,q0083p0143,0,4200,0,200,3600,3800,工艺点位,,1208,500,,,mm,
135,新亚强硅化学股份有限公司（二厂）,q0083,罐组4（二厂区）,q0083b0015,罐组4,q0083w0015,罐区工艺4,q0083s0008,1004d粗产品罐液位  含苯低沸物,q0083p0144,0,4200,0,200,3600,3800,工艺点位,,1415,500,,,mm,
136,新亚强硅化学股份有限公司（二厂）,q0083,罐组4（二厂区）,q0083b0015,罐组4,q0083w0015,罐区工艺4,q0083s0008,1005b事故罐液位 ,q0083p0145,0,4200,0,200,3600,3800,工艺点位,,1000,550,,,mm,
137,新亚强硅化学股份有限公司（二厂）,q0083,罐组3（二厂区）,q0083b0014,罐组3,q0083w0014,罐区工艺3,q0083s0007,1006b中间馏分储罐液位 ,q0083p0146,0,4200,0,200,3600,3800,工艺点位,,338,620,,,mm,
138,新亚强硅化学股份有限公司（二厂）,q0083,罐组3（二厂区）,q0083b0014,罐组3,q0083w0014,罐区工艺3,q0083s0007,1011cTri储罐液位 ,q0083p0147,0,4200,0,200,3600,3800,工艺点位,,545,620,,,mm,
139,新亚强硅化学股份有限公司（二厂）,q0083,罐组3（二厂区）,q0083b0014,罐组3,q0083w0014,罐区工艺3,q0083s0007,1011dTri储罐液位 ,q0083p0148,0,4200,0,200,3600,3800,工艺点位,,765,570,,,mm,
140,新亚强硅化学股份有限公司（二厂）,q0083,罐组1（二厂区）,q0083b0012,罐组1,q0083w0012,罐区工艺1,q0083s0005,1012a∮DI储罐液位 ,q0083p0149,0,4200,0,200,3600,3800,工艺点位,,947,480,,,mm,
141,新亚强硅化学股份有限公司（二厂）,q0083,罐组1（二厂区）,q0083b0012,罐组1,q0083w0012,罐区工艺1,q0083s0005,1012b∮DI储罐液位 ,q0083p0150,0,4200,0,200,3600,3800,工艺点位,,1160,380,,,mm,
142,新亚强硅化学股份有限公司（二厂）,q0083,罐组1（二厂区）,q0083b0012,罐组1,q0083w0012,罐区工艺1,q0083s0005,1013a苯储罐液位 ,q0083p0151,0,4200,0,200,3600,3800,工艺点位,,1370,480,,,mm,
143,新亚强硅化学股份有限公司（二厂）,q0083,罐组3（二厂区）,q0083b0014,罐组3,q0083w0014,罐区工艺3,q0083s0007,1012c∮DI储罐液位 ,q0083p0152,0,4200,0,200,3600,3800,工艺点位,,972,570,,,mm,
144,新亚强硅化学股份有限公司（二厂）,q0083,罐组3（二厂区）,q0083b0014,罐组3,q0083w0014,罐区工艺3,q0083s0007,1012d∮DI储罐液位 ,q0083p0153,0,4200,0,200,3600,3800,工艺点位,,1180,570,,,mm,
145,新亚强硅化学股份有限公司（二厂）,q0083,罐组3（二厂区）,q0083b0014,罐组3,q0083w0014,罐区工艺3,q0083s0007,1013b苯储罐液位 ,q0083p0154,0,4200,0,200,3600,3800,工艺点位,,1390,570,,,mm,
146,新亚强硅化学股份有限公司（二厂）,q0083,罐组6（二厂区）,q0083b0017,罐组6,q0083w0017,罐区工艺6,q0083s0009,V1028罐压力  硅醚,q0083p0155,0,1,0,0.1,0.8,0.9,工艺点位,,988,550,,,Mpa,
147,新亚强硅化学股份有限公司（二厂）,q0083,罐组3（二厂区）,q0083b0014,罐组3,q0083w0014,罐区工艺3,q0083s0007,V1012D待精馏高沸罐压力,q0083p0156,0,1.6,0,0.1,1.2,1.3,工艺点位,,1180,520,,,Mpa,
148,新亚强硅化学股份有限公司（二厂）,q0083,罐组3（二厂区）,q0083b0014,罐组3,q0083w0014,罐区工艺3,q0083s0007,V1013B待精馏高沸罐压力,q0083p0157,0,1.6,0,0.1,1.2,1.3,工艺点位,,1390,520,,,Mpa,
149,新亚强硅化学股份有限公司（二厂）,q0083,203焚烧车间（二厂区）,q0083b0018,203焚烧车间,q0083w0018,焚烧车间,q0083s0002,20立废粉罐重量,q0083p0158,0,15000,0,1000,10000,11000,工艺点位,,705,85,,,kg,
150,新亚强硅化学股份有限公司（二厂）,q0083,203焚烧车间（二厂区）,q0083b0018,203焚烧车间,q0083w0018,焚烧车间,q0083s0002,尾气压缩机排气温度,q0083p0159,0,200,0,20,160,180,工艺点位,,30,50,,,℃,
151,新亚强硅化学股份有限公司（二厂）,q0083,203焚烧车间（二厂区）,q0083b0018,203焚烧车间,q0083w0018,焚烧车间,q0083s0002,804导热油进口流量,q0083p0160,0,40,0,5,30,35,工艺点位,,1026,120,,,Kpa,
152,新亚强硅化学股份有限公司（二厂）,q0083,203焚烧车间（二厂区）,q0083b0018,203焚烧车间,q0083w0018,焚烧车间,q0083s0002,锅炉蒸汽压力,q0083p0161,0,1.6,0,0.1,1.2,1.3,工艺点位,,1240,180,,,Mpa,
153,新亚强硅化学股份有限公司（二厂）,q0083,203焚烧车间（二厂区）,q0083b0018,203焚烧车间,q0083w0018,焚烧车间,q0083s0002,热油到车间总管压力,q0083p0162,0,1.5,0,0.1,1.2,1.3,工艺点位,,785,530,,,Mpa,
154,新亚强硅化学股份有限公司（二厂）,q0083,203焚烧车间（二厂区）,q0083b0018,203焚烧车间,q0083w0018,焚烧车间,q0083s0002,804导热油进口压力,q0083p0163,0,1.5,0,0.1,1.2,1.3,工艺点位,,730,220,,,Mpa,
155,新亚强硅化学股份有限公司（二厂）,q0083,203焚烧车间（二厂区）,q0083b0018,203焚烧车间,q0083w0018,焚烧车间,q0083s0002,831液位,q0083p0164,0,100,0,10,80,90,工艺点位,,960,400,,,%,
156,新亚强硅化学股份有限公司（二厂）,q0083,203焚烧车间（二厂区）,q0083b0018,203焚烧车间,q0083w0018,焚烧车间,q0083s0002,导热油842液位,q0083p0165,0,100,0,10,80,90,工艺点位,,750,420,,,%,
157,新亚强硅化学股份有限公司（二厂）,q0083,203焚烧车间（二厂区）,q0083b0018,203焚烧车间,q0083w0018,焚烧车间,q0083s0002,804导热油进口温度,q0083p0166,0,350,0,30,150,180,工艺点位,,1026,170,,,℃,
158,新亚强硅化学股份有限公司（二厂）,q0083,203焚烧车间（二厂区）,q0083b0018,203焚烧车间,q0083w0018,焚烧车间,q0083s0002,804导热油出口1温度,q0083p0167,0,350,0,30,150,180,工艺点位,,650,320,,,℃,
159,新亚强硅化学股份有限公司（二厂）,q0083,203焚烧车间（二厂区）,q0083b0018,203焚烧车间,q0083w0018,焚烧车间,q0083s0002,804导热油出口2温度,q0083p0168,0,350,0,30,150,180,工艺点位,,730,365,,,℃,
160,新亚强硅化学股份有限公司（二厂）,q0083,203焚烧车间（二厂区）,q0083b0018,203焚烧车间,q0083w0018,焚烧车间,q0083s0002,801烟气进口温度,q0083p0169,0,600,0,50,500,550,工艺点位,,560,630,,,℃,
161,新亚强硅化学股份有限公司（二厂）,q0083,203焚烧车间（二厂区）,q0083b0018,203焚烧车间,q0083w0018,焚烧车间,q0083s0002,801烟气出口温度,q0083p0170,0,400,0,50,300,350,工艺点位,,560,700,,,℃,
162,新亚强硅化学股份有限公司（二厂）,q0083,203焚烧车间（二厂区）,q0083b0018,203焚烧车间,q0083w0018,焚烧车间,q0083s0002,中和釜温度,q0083p0171,0,200,0,20,150,180,工艺点位,,1500,400,,,℃,
163,新亚强硅化学股份有限公司（二厂）,q0083,203焚烧车间（二厂区）,q0083b0018,203焚烧车间,q0083w0018,焚烧车间,q0083s0002,水洗塔温度,q0083p0172,0,300,0,50,250,280,工艺点位,,1040,500,,,℃,
164,新亚强硅化学股份有限公司（二厂）,q0083,203焚烧车间（二厂区）,q0083b0018,203焚烧车间,q0083w0018,焚烧车间,q0083s0002,烟气颗粒物含量,q0083p0173,0,200,0,20,150,180,工艺点位,,1440,150,,,mg/m3,
165,新亚强硅化学股份有限公司（二厂）,q0083,203焚烧车间（二厂区）,q0083b0018,203焚烧车间,q0083w0018,焚烧车间,q0083s0002,841压力,q0083p0174,0,1,0,0.1,0.8,0.9,工艺点位,,870,75,,,Mpa,
166,新亚强硅化学股份有限公司（二厂）,q0083,203焚烧车间（二厂区）,q0083b0018,203焚烧车间,q0083w0018,焚烧车间,q0083s0002,渣桨罐A压力,q0083p0175,0,1.6,0,0.1,1.2,1.3,工艺点位,,25,500,,,Mpa,
167,新亚强硅化学股份有限公司（二厂）,q0083,203焚烧车间（二厂区）,q0083b0018,203焚烧车间,q0083w0018,焚烧车间,q0083s0002,氮气压力,q0083p0176,0,1.6,0,0.1,1.2,1.3,工艺点位,,20,350,,,Mpa,
168,新亚强硅化学股份有限公司（二厂）,q0083,203焚烧车间（二厂区）,q0083b0018,203焚烧车间,q0083w0018,焚烧车间,q0083s0002,回转窑头压力,q0083p0177,-400,400,-400,-200,200,300,工艺点位,,330,600,,,pa,
169,新亚强硅化学股份有限公司（二厂）,q0083,203焚烧车间（二厂区）,q0083b0018,203焚烧车间,q0083w0018,焚烧车间,q0083s0002,803B液位,q0083p0178,0,100,0,20,80,90,工艺点位,,940,260,,,%,
170,新亚强硅化学股份有限公司（二厂）,q0083,203焚烧车间（二厂区）,q0083b0018,203焚烧车间,q0083w0018,焚烧车间,q0083s0002,柴油罐液位,q0083p0179,0,100,0,20,80,90,工艺点位,,340,220,,,%,
171,新亚强硅化学股份有限公司（二厂）,q0083,203焚烧车间（二厂区）,q0083b0018,203焚烧车间,q0083w0018,焚烧车间,q0083s0002,废渣罐液位A,q0083p0180,0,1400,0,400,1000,1200,工艺点位,,110,580,,,mm,
172,新亚强硅化学股份有限公司（二厂）,q0083,203焚烧车间（二厂区）,q0083b0018,203焚烧车间,q0083w0018,焚烧车间,q0083s0002,废渣罐液位B,q0083p0181,0,1400,0,400,1000,1200,工艺点位,,250,580,,,mm,
173,新亚强硅化学股份有限公司（二厂）,q0083,203焚烧车间（二厂区）,q0083b0018,203焚烧车间,q0083w0018,焚烧车间,q0083s0002,盐酸循环A液位,q0083p0182,0,100,0,20,80,90,工艺点位,,1200,780,,,%,
174,新亚强硅化学股份有限公司（二厂）,q0083,203焚烧车间（二厂区）,q0083b0018,203焚烧车间,q0083w0018,焚烧车间,q0083s0002,盐酸储槽液位,q0083p0183,0,100,0,20,80,90,工艺点位,,1100,780,,,%,
175,新亚强硅化学股份有限公司（二厂）,q0083,203焚烧车间（二厂区）,q0083b0018,203焚烧车间,q0083w0018,焚烧车间,q0083s0002,盐酸循环B液位,q0083p0184,0,100,0,20,80,90,工艺点位,,1300,780,,,%,
176,新亚强硅化学股份有限公司（二厂）,q0083,203焚烧车间（二厂区）,q0083b0018,203焚烧车间,q0083w0018,焚烧车间,q0083s0002,碱罐循环A液位,q0083p0185,0,100,0,20,80,90,工艺点位,,1420,600,,,%,
177,新亚强硅化学股份有限公司（二厂）,q0083,203焚烧车间（二厂区）,q0083b0018,203焚烧车间,q0083w0018,焚烧车间,q0083s0002,废液罐液位,q0083p0186,0,1800,0,300,1400,1500,工艺点位,,482,220,,,mm,
178,新亚强硅化学股份有限公司（二厂）,q0083,203焚烧车间（二厂区）,q0083b0018,203焚烧车间,q0083w0018,焚烧车间,q0083s0002,渣桨罐V802AB压力,q0083p0187,0,0.8,0,0.1,0.6,0.7,工艺点位,,95,470,,,Mpa,
179,新亚强硅化学股份有限公司（二厂）,q0083,203焚烧车间（二厂区）,q0083b0018,203焚烧车间,q0083w0018,焚烧车间,q0083s0002,废气压力,q0083p0188,0,0.8,0,0.1,0.6,0.7,工艺点位,,200,55,,,Mpa,
180,新亚强硅化学股份有限公司（二厂）,q0083,203焚烧车间（二厂区）,q0083b0018,203焚烧车间,q0083w0018,焚烧车间,q0083s0002,尾气压缩机油压,q0083p0189,0,2500,0,500,2000,2200,工艺点位,,150,110,,,Kpa,
181,新亚强硅化学股份有限公司（二厂）,q0083,203焚烧车间（二厂区）,q0083b0018,203焚烧车间,q0083w0018,焚烧车间,q0083s0002,尾气压缩机水压,q0083p0190,0,1,0,0.1,0.8,0.9,工艺点位,,100,0,,,Mpa,
182,新亚强硅化学股份有限公司（二厂）,q0083,203焚烧车间（二厂区）,q0083b0018,203焚烧车间,q0083w0018,焚烧车间,q0083s0002,尾气压缩机进气压力,q0083p0191,-100,200,-100,-50,100,150,工艺点位,,20,180,,,Kpa,
183,新亚强硅化学股份有限公司（二厂）,q0083,203焚烧车间（二厂区）,q0083b0018,203焚烧车间,q0083w0018,焚烧车间,q0083s0002,尾气压缩机排气压力,q0083p0192,0,1000,0,100,800,900,工艺点位,,200,0,,,Kpa,
184,新亚强硅化学股份有限公司（二厂）,q0083,203焚烧车间（二厂区）,q0083b0018,203焚烧车间,q0083w0018,焚烧车间,q0083s0002,碱罐循环B液位,q0083p0193,0,100,0,20,80,90,工艺点位,,1526,600,,,%,
185,新亚强硅化学股份有限公司（二厂）,q0083,203焚烧车间（二厂区）,q0083b0018,203焚烧车间,q0083w0018,焚烧车间,q0083s0002,803A液位,q0083p0194,0,100,0,20,80,90,工艺点位,,840,260,,,%,
186,新亚强硅化学股份有限公司（二厂）,q0083,203焚烧车间（二厂区）,q0083b0018,203焚烧车间,q0083w0018,焚烧车间,q0083s0002,渣桨罐B压力,q0083p0195,0,1.6,0,0.1,1.2,1.3,工艺点位,,205,500,,,MPa,
187,新亚强硅化学股份有限公司（二厂）,q0083,203焚烧车间（二厂区）,q0083b0018,203焚烧车间,q0083w0018,焚烧车间,q0083s0002,烟气HCL浓度,q0083p0196,0,100,0,20,80,90,工艺点位,,1530,190,,,mg/m3,
188,新亚强硅化学股份有限公司（二厂）,q0083,203焚烧车间（二厂区）,q0083b0018,203焚烧车间,q0083w0018,焚烧车间,q0083s0002,废液罐压力,q0083p0197,0,1,0,0.1,0.8,0.9,工艺点位,,472,150,,,MPa,
189,新亚强硅化学股份有限公司（二厂）,q0083,203焚烧车间（二厂区）,q0083b0018,203焚烧车间,q0083w0018,焚烧车间,q0083s0002,841高位油槽液位,q0083p0198,0,100,0,20,80,90,工艺点位,,984,50,,,%,
190,新亚强硅化学股份有限公司（二厂）,q0083,203焚烧车间（二厂区）,q0083b0018,203焚烧车间,q0083w0018,焚烧车间,q0083s0002,回油管线压力,q0083p0199,0,1,0,0.1,0.8,0.9,工艺点位,,850,200,,,Mpa,
191,新亚强硅化学股份有限公司（二厂）,q0083,203焚烧车间（二厂区）,q0083b0018,203焚烧车间,q0083w0018,焚烧车间,q0083s0002,烟气中CO含量,q0083p0200,0,750,0,0,75,80,工艺点位,,1528,48,,,mg/m3,
192,新亚强硅化学股份有限公司（二厂）,q0083,203焚烧车间（二厂区）,q0083b0018,203焚烧车间,q0083w0018,焚烧车间,q0083s0002,烟气中O2含量,q0083p0201,0,25,0,0,23,24,工艺点位,,1528,144,,,%,
193,新亚强硅化学股份有限公司（二厂）,q0083,203焚烧车间（二厂区）,q0083b0018,203焚烧车间,q0083w0018,焚烧车间,q0083s0002,二燃室出口压力,q0083p0202,-400,400,-400,-300,300,350,工艺点位,,736,580,,,pa,
194,新亚强硅化学股份有限公司（二厂）,q0083,203焚烧车间（二厂区）,q0083b0018,203焚烧车间,q0083w0018,焚烧车间,q0083s0002,烟气中NO含量,q0083p0203,0,669,0,0,480,500,工艺点位,,1528,95,,,mg/m3,
195,新亚强硅化学股份有限公司（二厂）,q0083,203焚烧车间（二厂区）,q0083b0018,203焚烧车间,q0083w0018,焚烧车间,q0083s0002,烟气中SO2含量,q0083p0204,0,571,0,0,250,300,工艺点位,,1528,0,,,mg/m3,
196,新亚强硅化学股份有限公司（二厂）,q0083,污水处理站（二厂区）,q0083b0007,污水处理,q0083w0007,MVR蒸发污水处理工艺,q0083s0004,分离器压力,q0083p0205,0,2000,0,50,1800,1850,工艺点位,,904,200,,,mBar,
197,新亚强硅化学股份有限公司（二厂）,q0083,污水处理站（二厂区）,q0083b0007,污水处理,q0083w0007,MVR蒸发污水处理工艺,q0083s0004,分离器汽温,q0083p0206,0,300,0,10,250,280,工艺点位,,904,250,,,℃,
198,新亚强硅化学股份有限公司（二厂）,q0083,污水处理站（二厂区）,q0083b0007,污水处理,q0083w0007,MVR蒸发污水处理工艺,q0083s0004,分离器液位,q0083p0207,0,3000,0,50,2000,2800,工艺点位,,904,350,,,mm,
199,新亚强硅化学股份有限公司（二厂）,q0083,污水处理站（二厂区）,q0083b0007,污水处理,q0083w0007,MVR蒸发污水处理工艺,q0083s0004,分离器液温,q0083p0208,0,300,0,50,200,260,工艺点位,,904,300,,,℃,
200,新亚强硅化学股份有限公司（二厂）,q0083,污水处理站（二厂区）,q0083b0007,污水处理,q0083w0007,MVR蒸发污水处理工艺,q0083s0004,压缩机出口压力,q0083p0209,0,2000,0,50,1500,1800,工艺点位,,676,55,,,mBar,
201,新亚强硅化学股份有限公司（二厂）,q0083,污水处理站（二厂区）,q0083b0007,污水处理,q0083w0007,MVR蒸发污水处理工艺,q0083s0004,压缩机出口温度,q0083p0210,0,300,0,50,220,270,工艺点位,,677,107,,,℃,
202,新亚强硅化学股份有限公司（二厂）,q0083,污水处理站（二厂区）,q0083b0007,污水处理,q0083w0007,MVR蒸发污水处理工艺,q0083s0004,原液罐液位,q0083p0211,0,3000,0,50,1850,1900,工艺点位,,48,702,,,mm,
203,新亚强硅化学股份有限公司（二厂）,q0083,污水处理站（二厂区）,q0083b0007,污水处理,q0083w0007,MVR蒸发污水处理工艺,q0083s0004,油箱温度,q0083p0212,0,300,0,50,220,270,工艺点位,,409,109,,,℃,
204,新亚强硅化学股份有限公司（二厂）,q0083,污水处理站（二厂区）,q0083b0007,污水处理,q0083w0007,MVR蒸发污水处理工艺,q0083s0004,蒸汽压力,q0083p0213,0,2000,0,50,1850,1900,工艺点位,,1130,300,,,mBar,
205,新亚强硅化学股份有限公司（二厂）,q0083,污水处理站（二厂区）,q0083b0007,污水处理,q0083w0007,MVR蒸发污水处理工艺,q0083s0004,蒸汽温度,q0083p0214,0,300,0,20,250,270,工艺点位,,1130,250,,,℃,
206,新亚强硅化学股份有限公司（二厂）,q0083,污水处理站（二厂区）,q0083b0007,污水处理,q0083w0007,MVR蒸发污水处理工艺,q0083s0004,蒸馏水液位,q0083p0215,0,3000,0,50,2800,2850,工艺点位,,562,684,,,mm,
207,新亚强硅化学股份有限公司（二厂）,q0083,污水处理站（二厂区）,q0083b0007,污水处理,q0083w0007,MVR蒸发污水处理工艺,q0083s0004,原液罐PH,q0083p0216,1,14,1,2,13,14,工艺点位,,60,63,,,PH,
208,新亚强硅化学股份有限公司（二厂）,q0083,201合成车间（二厂区）,q0083b0019,201车间,q0083w0085,,,苯QT0002,q0083p3001,0,100,0,0,25,50,有毒可燃气体点位,,,,,,ppm,
209,新亚强硅化学股份有限公司（二厂）,q0083,201合成车间（二厂区）,q0083b0019,201车间,q0083w0085,,,苯QT0004,q0083p3002,0,100,0,0,25,50,有毒可燃气体点位,,,,,,ppm,
210,新亚强硅化学股份有限公司（二厂）,q0083,201合成车间（二厂区）,q0083b0019,201车间,q0083w0085,,,苯QT0006,q0083p3003,0,100,0,0,25,50,有毒可燃气体点位,,,,,,ppm,
211,新亚强硅化学股份有限公司（二厂）,q0083,201合成车间（二厂区）,q0083b0019,201车间,q0083w0085,,,苯QT0008,q0083p3004,0,100,0,0,25,50,有毒可燃气体点位,,,,,,ppm,
212,新亚强硅化学股份有限公司（二厂）,q0083,201合成车间（二厂区）,q0083b0019,201车间,q0083w0085,,,苯QT0010,q0083p3005,0,100,0,0,25,50,有毒可燃气体点位,,,,,,ppm,
213,新亚强硅化学股份有限公司（二厂）,q0083,201合成车间（二厂区）,q0083b0019,201车间,q0083w0085,,,苯QT0012,q0083p3006,0,100,0,0,25,50,有毒可燃气体点位,,,,,,ppm,
214,新亚强硅化学股份有限公司（二厂）,q0083,201合成车间（二厂区）,q0083b0019,201车间,q0083w0085,,,苯QT0014,q0083p3007,0,100,0,0,25,50,有毒可燃气体点位,,,,,,ppm,
215,新亚强硅化学股份有限公司（二厂）,q0083,201合成车间（二厂区）,q0083b0019,201车间,q0083w0085,,,苯QT0016,q0083p3008,0,100,0,0,25,50,有毒可燃气体点位,,,,,,ppm,
216,新亚强硅化学股份有限公司（二厂）,q0083,202精馏车间（二厂区）,q0083b0020,202精馏车间,q0083w0020,,,甲烷QT0018,q0083p3009,0,100,0,0,25,50,可燃气体点位,,,,,,%LEL,
217,新亚强硅化学股份有限公司（二厂）,q0083,202精馏车间（二厂区）,q0083b0020,202精馏车间,q0083w0020,,,甲烷QT0020,q0083p3010,0,100,0,0,25,50,可燃气体点位,,,,,,%LEL,
218,新亚强硅化学股份有限公司（二厂）,q0083,罐组1（二厂区）,q0083b0012,罐组1,q0083w0012,,,甲烷QT0022,q0083p3011,0,100,0,25,50,90,可燃气体点位,,,,,,%LEL,
219,新亚强硅化学股份有限公司（二厂）,q0083,罐组1（二厂区）,q0083b0012,罐组1,q0083w0012,,,甲烷QT0024,q0083p3012,0,100,0,25,50,90,可燃气体点位,,,,,,%LEL,
220,新亚强硅化学股份有限公司（二厂）,q0083,202精馏车间（二厂区）,q0083b0020,202精馏车间,q0083w0020,,,甲烷QT0026,q0083p3013,0,100,0,0,25,50,可燃气体点位,,,,,,%LEL,
221,新亚强硅化学股份有限公司（二厂）,q0083,罐组2（二厂区）,q0083b0013,罐组2,q0083w0013,,,甲烷QT0028,q0083p3014,0,100,0,25,50,90,可燃气体点位,,,,,,%LEL,
222,新亚强硅化学股份有限公司（二厂）,q0083,202精馏车间（二厂区）,q0083b0020,202精馏车间,q0083w0020,,,甲烷QT0030,q0083p3015,0,100,0,0,25,50,可燃气体点位,,,,,,%LEL,
223,新亚强硅化学股份有限公司（二厂）,q0083,罐组2（二厂区）,q0083b0013,罐组2,q0083w0013,,,甲烷QT0032,q0083p3016,0,100,0,25,50,90,可燃气体点位,,,,,,%LEL,
224,新亚强硅化学股份有限公司（二厂）,q0083,罐组1（二厂区）,q0083b0012,罐组1,q0083w0012,,,甲烷QT0034,q0083p3017,0,100,0,25,50,90,可燃气体点位,,,,,,%LEL,
225,新亚强硅化学股份有限公司（二厂）,q0083,罐组1（二厂区）,q0083b0012,罐组1,q0083w0012,,,苯QT0036,q0083p3018,0,100,0,25,50,90,有毒可燃气体点位,,,,,,ppm,
226,新亚强硅化学股份有限公司（二厂）,q0083,202精馏车间（二厂区）,q0083b0020,202精馏车间,q0083w0020,,,甲烷QT0038,q0083p3019,0,100,0,0,25,50,可燃气体点位,,,,,,%LEL,
227,新亚强硅化学股份有限公司（二厂）,q0083,202精馏车间（二厂区）,q0083b0020,202精馏车间,q0083w0020,,,甲烷QT0040,q0083p3020,0,100,0,0,25,50,可燃气体点位,,,,,,%LEL,
228,新亚强硅化学股份有限公司（二厂）,q0083,罐组2（二厂区）,q0083b0013,罐组2,q0083w0013,,,甲烷QT0042,q0083p3021,0,100,0,25,50,90,可燃气体点位,,,,,,%LEL,
229,新亚强硅化学股份有限公司（二厂）,q0083,202精馏车间（二厂区）,q0083b0020,202精馏车间,q0083w0020,,,甲烷QT0044,q0083p3022,0,100,0,0,25,50,可燃气体点位,,,,,,%LEL,
230,新亚强硅化学股份有限公司（二厂）,q0083,罐组3（二厂区）,q0083b0014,罐组3,q0083w0014,,,甲烷QT0046,q0083p3023,0,100,0,25,50,90,可燃气体点位,,,,,,%LEL,
231,新亚强硅化学股份有限公司（二厂）,q0083,202精馏车间（二厂区）,q0083b0020,202精馏车间,q0083w0020,,,甲烷QT0048,q0083p3024,0,100,0,0,25,50,可燃气体点位,,,,,,%LEL,
232,新亚强硅化学股份有限公司（二厂）,q0083,202精馏车间（二厂区）,q0083b0020,202精馏车间,q0083w0020,,,甲烷QT0050,q0083p3025,0,100,0,0,25,50,可燃气体点位,,,,,,%LEL,
233,新亚强硅化学股份有限公司（二厂）,q0083,202精馏车间（二厂区）,q0083b0020,202精馏车间,q0083w0020,,,甲烷QT0052,q0083p3026,0,100,0,0,25,50,可燃气体点位,,,,,,%LEL,
234,新亚强硅化学股份有限公司（二厂）,q0083,202精馏车间（二厂区）,q0083b0020,202精馏车间,q0083w0020,,,甲烷QT0054,q0083p3027,0,100,0,10,80,90,可燃气体点位,,,,,,ppm,
235,新亚强硅化学股份有限公司（二厂）,q0083,罐组3（二厂区）,q0083b0014,罐组3,q0083w0014,,,甲烷QT0056,q0083p3028,0,100,0,25,50,90,可燃气体点位,,,,,,%LEL,
236,新亚强硅化学股份有限公司（二厂）,q0083,罐组3（二厂区）,q0083b0014,罐组3,q0083w0014,,,苯QT0058,q0083p3029,0,100,0,25,50,90,有毒可燃气体点位,,,,,,ppm,
237,新亚强硅化学股份有限公司（二厂）,q0083,罐组3（二厂区）,q0083b0014,罐组3,q0083w0014,,,甲烷QT0060,q0083p3030,0,100,0,25,50,90,可燃气体点位,,,,,,%LEL,
238,新亚强硅化学股份有限公司（二厂）,q0083,202精馏车间（二厂区）,q0083b0020,202精馏车间,q0083w0020,,,甲烷QT0062,q0083p3031,0,100,0,10,80,90,可燃气体点位,,,,,,ppm,
239,新亚强硅化学股份有限公司（二厂）,q0083,202精馏车间（二厂区）,q0083b0020,202精馏车间,q0083w0020,,,甲烷QT0064,q0083p3032,0,100,0,10,80,90,可燃气体点位,,,,,,ppm,
240,新亚强硅化学股份有限公司（二厂）,q0083,202精馏车间（二厂区）,q0083b0020,202精馏车间,q0083w0020,,,甲烷QT0066,q0083p3033,0,100,0,10,80,90,可燃气体点位,,,,,,ppm,
241,新亚强硅化学股份有限公司（二厂）,q0083,203焚烧车间（二厂区）,q0083b0018,203焚烧车间,q0083w0018,,,甲烷QT0068,q0083p3034,0,100,0,0,25,50,可燃气体点位,,,,,,ppm,
242,新亚强硅化学股份有限公司（二厂）,q0083,罐组4（二厂区）,q0083b0015,罐组4,q0083w0015,,,甲烷QT0070,q0083p3035,0,100,0,25,50,90,可燃气体点位,,,,,,%LEL,
243,新亚强硅化学股份有限公司（二厂）,q0083,罐组4（二厂区）,q0083b0015,罐组4,q0083w0015,,,甲烷QT0072,q0083p3036,0,100,0,25,50,90,可燃气体点位,,,,,,%LEL,
244,新亚强硅化学股份有限公司（二厂）,q0083,灌装站（二厂区）,q0083b0016,装卸,q0083w0016,,,甲烷QT0074,q0083p3037,0,100,0,0,25,50,可燃气体点位,,,,,,%LEL,
245,新亚强硅化学股份有限公司（二厂）,q0083,202精馏车间（二厂区）,q0083b0020,202精馏车间,q0083w0020,,,甲烷QT0076,q0083p3039,0,100,0,10,80,90,可燃气体点位,,,,,,ppm,
246,新亚强硅化学股份有限公司（二厂）,q0083,罐组4（二厂区）,q0083b0015,罐组4,q0083w0015,,,甲烷QT0078,q0083p3038,0,100,0,25,50,90,可燃气体点位,,,,,,%LEL,
247,新亚强硅化学股份有限公司（二厂）,q0083,202精馏车间（二厂区）,q0083b0020,202精馏车间,q0083w0020,,,甲烷QT0080,q0083p3040,0,100,0,10,80,90,可燃气体点位,,,,,,ppm,
248,新亚强硅化学股份有限公司（二厂）,q0083,灌装站（二厂区）,q0083b0016,装卸,q0083w0016,,,甲烷QT0082,q0083p3041,0,100,0,0,25,50,可燃气体点位,,,,,,%LEL,
249,新亚强硅化学股份有限公司（二厂）,q0083,灌装站（二厂区）,q0083b0016,装卸,q0083w0016,,,甲烷QT0084,q0083p3042,0,100,0,0,25,50,可燃气体点位,,,,,,%LEL,
250,新亚强硅化学股份有限公司（二厂）,q0083,灌装站（二厂区）,q0083b0016,装卸,q0083w0016,,,甲烷QT0086,q0083p3043,0,100,0,0,25,50,可燃气体点位,,,,,,%LEL,
251,新亚强硅化学股份有限公司（二厂）,q0083,灌装站（二厂区）,q0083b0016,装卸,q0083w0016,,,甲烷QT0088,q0083p3044,0,100,0,0,25,50,可燃气体点位,,,,,,%LEL,
252,新亚强硅化学股份有限公司（二厂）,q0083,202精馏车间（二厂区）,q0083b0020,202精馏车间,q0083w0020,,,甲烷QT0090,q0083p3045,0,100,0,10,80,90,可燃气体点位,,,,,,ppm,
253,新亚强硅化学股份有限公司（二厂）,q0083,202精馏车间（二厂区）,q0083b0020,202精馏车间,q0083w0020,,,甲烷QT0092,q0083p3046,0,100,0,10,80,90,可燃气体点位,,,,,,ppm,
254,新亚强硅化学股份有限公司（二厂）,q0083,202精馏车间（二厂区）,q0083b0020,202精馏车间,q0083w0020,,,甲烷QT0094,q0083p3047,0,100,0,10,80,90,可燃气体点位,,,,,,ppm,
255,新亚强硅化学股份有限公司（二厂）,q0083,202精馏车间（二厂区）,q0083b0020,202精馏车间,q0083w0020,,,11-手动按钮―精馏1,q0083p1001,,,,,,,火灾报警按钮点位（含手动）,,,,,,,
256,新亚强硅化学股份有限公司（二厂）,q0083,202精馏车间（二厂区）,q0083b0020,202精馏车间,q0083w0020,,,13-讯响器―精馏1-N0002,q0083p1002,,,,,,,消防声光报警器点位（含手动）,,,,,,,
257,新亚强硅化学股份有限公司（二厂）,q0083,202精馏车间（二厂区）,q0083b0020,202精馏车间,q0083w0020,,,13-讯响器―精馏1-N0003,q0083p1003,,,,,,,消防声光报警器点位（含手动）,,,,,,,
258,新亚强硅化学股份有限公司（二厂）,q0083,202精馏车间（二厂区）,q0083b0020,202精馏车间,q0083w0020,,,13-讯响器―精馏1-N0004,q0083p1004,,,,,,,消防声光报警器点位（含手动）,,,,,,,
259,新亚强硅化学股份有限公司（二厂）,q0083,202精馏车间（二厂区）,q0083b0020,202精馏车间,q0083w0020,,,15-消火栓―精馏1,q0083p1005,,,,,,,消火栓按钮点位,,,,,,,
260,新亚强硅化学股份有限公司（二厂）,q0083,201合成车间（二厂区）,q0083b0019,201车间,q0083w0085,,,11-手动按钮―苯基合成-N0006,q0083p1006,,,,,,,火灾报警按钮点位（含手动）,,,,,,,
261,新亚强硅化学股份有限公司（二厂）,q0083,201合成车间（二厂区）,q0083b0019,201车间,q0083w0085,,,11-手动按钮―苯基合成-N0007,q0083p1007,,,,,,,火灾报警按钮点位（含手动）,,,,,,,
262,新亚强硅化学股份有限公司（二厂）,q0083,201合成车间（二厂区）,q0083b0019,201车间,q0083w0085,,,13-讯响器―苯基合成-N0008,q0083p1008,,,,,,,消防声光报警器点位（含手动）,,,,,,,
263,新亚强硅化学股份有限公司（二厂）,q0083,201合成车间（二厂区）,q0083b0019,201车间,q0083w0085,,,13-讯响器―苯基合成-N0009,q0083p1009,,,,,,,消防声光报警器点位（含手动）,,,,,,,
264,新亚强硅化学股份有限公司（二厂）,q0083,201合成车间（二厂区）,q0083b0019,201车间,q0083w0085,,,13-讯响器―苯基合成-N0010,q0083p1010,,,,,,,消防声光报警器点位（含手动）,,,,,,,
265,新亚强硅化学股份有限公司（二厂）,q0083,201合成车间（二厂区）,q0083b0019,201车间,q0083w0085,,,13-讯响器―苯基合成-N0011,q0083p1011,,,,,,,消防声光报警器点位（含手动）,,,,,,,
266,新亚强硅化学股份有限公司（二厂）,q0083,201合成车间（二厂区）,q0083b0019,201车间,q0083w0085,,,15-消火栓―苯基合成,q0083p1012,,,,,,,消防声光报警器点位（含手动）,,,,,,,
267,新亚强硅化学股份有限公司（二厂）,q0083,201合成车间（二厂区）,q0083b0019,201车间,q0083w0085,,,11-手动按钮―焚烧-N0013,q0083p1013,,,,,,,火灾报警按钮点位（含手动）,,,,,,,
268,新亚强硅化学股份有限公司（二厂）,q0083,203焚烧车间（二厂区）,q0083b0018,203焚烧车间,q0083w0018,,,13-讯响器―焚烧-N0014,q0083p1014,,,,,,,消防声光报警器点位（含手动）,,,,,,,
269,新亚强硅化学股份有限公司（二厂）,q0083,203焚烧车间（二厂区）,q0083b0018,203焚烧车间,q0083w0018,,,13-讯响器―焚烧-N0015,q0083p1015,,,,,,,消防声光报警器点位（含手动）,,,,,,,
270,新亚强硅化学股份有限公司（二厂）,q0083,203焚烧车间（二厂区）,q0083b0018,203焚烧车间,q0083w0018,,,15-消火栓―焚烧,q0083p1016,,,,,,,消火栓按钮点位,,,,,,,
271,新亚强硅化学股份有限公司（二厂）,q0083,桶装堆场1（二厂区）,q0083b0023,桶装堆场1,q0083w0023,,,11-手动按钮―桶装场2,q0083p1017,,,,,,,火灾报警按钮点位（含手动）,,,,,,,
272,新亚强硅化学股份有限公司（二厂）,q0083,桶装堆场2（二厂区）,q0083b0024,桶装堆场2,q0083w0024,,,13-讯响器―桶装场2-N0018,q0083p1018,,,,,,,消防声光报警器点位（含手动）,,,,,,,
273,新亚强硅化学股份有限公司（二厂）,q0083,桶装堆场2（二厂区）,q0083b0024,桶装堆场2,q0083w0024,,,15-消火栓―桶装场,q0083p1020,,,,,,,消防声光报警器点位（含手动）,,,,,,,
274,新亚强硅化学股份有限公司（二厂）,q0083,桶装堆场2（二厂区）,q0083b0024,桶装堆场2,q0083w0024,,,11-手动按钮―桶装场2-N0021,q0083p1021,,,,,,,火灾报警按钮点位（含手动）,,,,,,,
275,新亚强硅化学股份有限公司（二厂）,q0083,桶装堆场2（二厂区）,q0083b0024,桶装堆场2,q0083w0024,,,13-讯响器―桶装场2-N0022,q0083p1022,,,,,,,消防声光报警器点位（含手动）,,,,,,,
276,新亚强硅化学股份有限公司（二厂）,q0083,桶装堆场2（二厂区）,q0083b0024,桶装堆场2,q0083w0024,,,13-讯响器―桶装场2-N0023,q0083p1023,,,,,,,消防声光报警器点位（含手动）,,,,,,,
277,新亚强硅化学股份有限公司（二厂）,q0083,桶装堆场2（二厂区）,q0083b0024,桶装堆场2,q0083w0024,,,13-讯响器―桶装场2-N0024,q0083p1024,,,,,,,消防声光报警器点位（含手动）,,,,,,,
278,新亚强硅化学股份有限公司（二厂）,q0083,桶装堆场2（二厂区）,q0083b0024,桶装堆场2,q0083w0024,,,15-消火栓―桶装场2-N0025,q0083p1025,,,,,,,消防声光报警器点位（含手动）,,,,,,,
279,新亚强硅化学股份有限公司（二厂）,q0083,桶装堆场2（二厂区）,q0083b0024,桶装堆场2,q0083w0024,,,11-手动按钮―罐装-N0026,q0083p1026,,,,,,,火灾报警按钮点位（含手动）,,,,,,,
280,新亚强硅化学股份有限公司（二厂）,q0083,桶装堆场2（二厂区）,q0083b0024,桶装堆场2,q0083w0024,,,13-讯响器―罐装-N0027,q0083p1027,,,,,,,消防声光报警器点位（含手动）,,,,,,,
281,新亚强硅化学股份有限公司（二厂）,q0083,罐组4（二厂区）,q0083b0015,罐组4,q0083w0015,,,15-消火栓―罐装,q0083p1028,,,,,,,消火栓按钮点位,,,,,,,
282,新亚强硅化学股份有限公司（二厂）,q0083,丙类仓库2（二厂区）,q0083b0010,丙类仓库2,q0083w0010,,,11-手动按钮―丙类储库2-N0029,q0083p1029,,,,,,,火灾报警按钮点位（含手动）,,,,,,,
283,新亚强硅化学股份有限公司（二厂）,q0083,丙类仓库2（二厂区）,q0083b0010,丙类仓库2,q0083w0010,,,13-讯响器―丙类储库1-N0030,q0083p1030,,,,,,,消防声光报警器点位（含手动）,,,,,,,
284,新亚强硅化学股份有限公司（二厂）,q0083,丙类仓库2（二厂区）,q0083b0010,丙类仓库2,q0083w0010,,,13-讯响器―丙类储库1-N0031,q0083p1031,,,,,,,消防声光报警器点位（含手动）,,,,,,,
285,新亚强硅化学股份有限公司（二厂）,q0083,丙类仓库2（二厂区）,q0083b0010,丙类仓库2,q0083w0010,,,13-讯响器―丙类储库1-N0032,q0083p1032,,,,,,,消防声光报警器点位（含手动）,,,,,,,
286,新亚强硅化学股份有限公司（二厂）,q0083,丙类仓库2（二厂区）,q0083b0010,丙类仓库2,q0083w0010,,,15-消火栓―丙类储库1-N0033,q0083p1033,,,,,,,消火栓按钮点位,,,,,,,
287,新亚强硅化学股份有限公司（二厂）,q0083,丙类仓库2（二厂区）,q0083b0010,丙类仓库2,q0083w0010,,,11-手动按钮―丙类储库2-N0034,q0083p1034,,,,,,,火灾报警按钮点位（含手动）,,,,,,,
288,新亚强硅化学股份有限公司（二厂）,q0083,丙类仓库2（二厂区）,q0083b0010,丙类仓库2,q0083w0010,,,13-讯响器―丙类储库2-N0035,q0083p1035,,,,,,,消防声光报警器点位（含手动）,,,,,,,
289,新亚强硅化学股份有限公司（二厂）,q0083,丙类仓库2（二厂区）,q0083b0010,丙类仓库2,q0083w0010,,,13-讯响器―丙类储库2-N0036,q0083p1036,,,,,,,消防声光报警器点位（含手动）,,,,,,,
290,新亚强硅化学股份有限公司（二厂）,q0083,丙类仓库2（二厂区）,q0083b0010,丙类仓库2,q0083w0010,,,13-讯响器―丙类储库2-N0037,q0083p1037,,,,,,,消防声光报警器点位（含手动）,,,,,,,
291,新亚强硅化学股份有限公司（二厂）,q0083,丙类仓库2（二厂区）,q0083b0010,丙类仓库2,q0083w0010,,,13-讯响器―丙类储库2-N0038,q0083p1038,,,,,,,消防声光报警器点位（含手动）,,,,,,,
292,新亚强硅化学股份有限公司（二厂）,q0083,丙类仓库2（二厂区）,q0083b0010,丙类仓库2,q0083w0010,,,13-讯响器―丙类储库2-N0039,q0083p1039,,,,,,,消防声光报警器点位（含手动）,,,,,,,
293,新亚强硅化学股份有限公司（二厂）,q0083,丙类仓库2（二厂区）,q0083b0010,丙类仓库2,q0083w0010,,,15-消火栓―丙类储库2-N0040,q0083p1040,,,,,,,消火栓按钮点位,,,,,,,
294,新亚强硅化学股份有限公司（二厂）,q0083,丙类仓库2（二厂区）,q0083b0010,丙类仓库2,q0083w0010,,,11-手动按钮―变压器-N0041,q0083p1041,,,,,,,火灾报警按钮点位（含手动）,,,,,,,
295,新亚强硅化学股份有限公司（二厂）,q0083,丙类仓库2（二厂区）,q0083b0010,丙类仓库2,q0083w0010,,,13-讯响器―变压器-N0042,q0083p1042,,,,,,,消防声光报警器点位（含手动）,,,,,,,
296,新亚强硅化学股份有限公司（二厂）,q0083,丙类仓库2（二厂区）,q0083b0010,丙类仓库2,q0083w0010,,,13-讯响器―变压器-N0043,q0083p1043,,,0,20,180,200,消防声光报警器点位（含手动）,,,,,,,
297,新亚强硅化学股份有限公司（二厂）,q0083,丙类仓库2（二厂区）,q0083b0010,丙类仓库2,q0083w0010,,,13-讯响器―变压器-N0044,q0083p1044,,,0,20,180,200,消防声光报警器点位（含手动）,,,,,,,
298,新亚强硅化学股份有限公司（二厂）,q0083,丙类仓库2（二厂区）,q0083b0010,丙类仓库2,q0083w0010,,,15-消火栓―变压器,q0083p1045,,,,,,,消火栓按钮点位,,,,,,,
299,新亚强硅化学股份有限公司（二厂）,q0083,污水处理站（二厂区）,q0083b0006,污水处理站,q0083w0006,,,11-手动按钮―水泵房,q0083p1046,,,,,,,火灾报警按钮点位（含手动）,,,,,,,
300,新亚强硅化学股份有限公司（二厂）,q0083,污水处理站（二厂区）,q0083b0007,污水处理,q0083w0007,,,13-讯响器―水泵房,q0083p1047,,,,,,,消防声光报警器点位（含手动）,,,,,,,
301,新亚强硅化学股份有限公司（二厂）,q0083,罐组6（二厂区）,q0083b0017,罐组6,q0083w0017,,,11-手动按钮―罐组6,q0083p1048,,,,,,,火灾报警按钮点位（含手动）,,,,,,,
302,新亚强硅化学股份有限公司（二厂）,q0083,罐组6（二厂区）,q0083b0017,罐组6,q0083w0017,,,13-讯响器―罐组6,q0083p1049,,,,,,,消防声光报警器点位（含手动）,,,,,,,
303,新亚强硅化学股份有限公司（二厂）,q0083,罐组2（二厂区）,q0083b0013,罐组2,q0083w0013,,,盐酸罐,q0083p0217,0,3400,0,50,3000,3200,重点化学品点位,,,,,,mm,
304,新亚强硅化学股份有限公司（二厂）,q0083,罐组1（二厂区）,q0083b0012,罐组1,q0083w0012,,,苯重量,q0083p0218,0,220,0,20,180,200,重大危险源点位,,1370,480,,,吨,
305,新亚强硅化学股份有限公司（二厂）,q0083,罐组3（二厂区）,q0083b0014,罐组3,q0083w0014,,,待精馏高沸重量,q0083p0219,0,220,0,20,180,200,重大危险源点位,,,,,,吨,
306,新亚强硅化学股份有限公司（二厂）,q0083,罐组1（二厂区）,q0083b0012,罐组1,q0083w0012,,,一次联苯重量,q0083p0220,0,220,0,20,180,200,重大危险源点位,,,,,,吨,
307,新亚强硅化学股份有限公司（二厂）,q0083,罐组1（二厂区）,q0083b0012,罐组1,q0083w0012,,,低沸联苯重量,q0083p0221,0,220,0,20,180,220,重大危险源点位,,,,,,吨,
308,新亚强硅化学股份有限公司（二厂）,q0083,罐组1（二厂区）,q0083b0012,罐组1,q0083w0012,,,一苯脱色前重量,q0083p0222,0,220,0,20,180,200,重大危险源点位,,,,,,吨,
309,新亚强硅化学股份有限公司（二厂）,q0083,罐组1（二厂区）,q0083b0012,罐组1,q0083w0012,,,待脱高沸重量,q0083p0223,0,220,0,20,180,200,重大危险源点位,,,,,,吨,
310,新亚强硅化学股份有限公司（二厂）,q0083,罐组1（二厂区）,q0083b0012,罐组1,q0083w0012,,,二苯精制前重量,q0083p0224,0,220,0,20,180,200,重大危险源点位,,,,,,吨,
311,新亚强硅化学股份有限公司（二厂）,q0083,罐组3（二厂区）,q0083b0014,罐组3,q0083w0014,,,待精馏高沸重量,q0083p0227,0,220,0,20,180,200,重大危险源点位,,,,,,吨,
312,新亚强硅化学股份有限公司（二厂）,q0083,罐组3（二厂区）,q0083b0014,罐组3,q0083w0014,,,待精制高沸重量,q0083p0226,0,220,0,20,180,200,重大危险源点位,,,,,,吨,
313,新亚强硅化学股份有限公司（二厂）,q0083,罐组3（二厂区）,q0083b0014,罐组3,q0083w0014,,,待精馏高沸重量,q0083p0225,0,220,0,20,180,200,重大危险源点位,,,,,,吨,
314,新亚强硅化学股份有限公司（二厂）,q0083,罐组3（二厂区）,q0083b0014,罐组3,q0083w0014,,,待精馏高沸重量,q0083p0228,0,220,0,20,180,200,重大危险源点位,,,,,,吨,
315,新亚强硅化学股份有限公司（二厂）,q0083,罐组3（二厂区）,q0083b0014,罐组3,q0083w0014,,,待精馏高沸重量,q0083p0229,0,220,0,20,180,200,重大危险源点位,,,,,,吨,
316,新亚强硅化学股份有限公司（二厂）,q0083,罐组2（二厂区）,q0083b0013,罐组2,q0083w0013,,,氯苯重量,q0083p0230,0,220,0,20,180,200,重大危险源点位,,,,,,吨,
317,新亚强硅化学股份有限公司（二厂）,q0083,罐组2（二厂区）,q0083b0013,罐组2,q0083w0013,,,氯苯重量,q0083p0231,0,220,0,20,180,200,重大危险源点位,,,,,,吨,
318,新亚强硅化学股份有限公司（二厂）,q0083,罐组2（二厂区）,q0083b0013,罐组2,q0083w0013,,,含苯低沸重量,q0083p0232,0,220,0,20,180,200,重大危险源点位,,,,,,吨,
319,新亚强硅化学股份有限公司（二厂）,q0083,罐组2（二厂区）,q0083b0013,罐组2,q0083w0013,,,待脱高料重量,q0083p0233,0,220,0,20,180,200,重大危险源点位,,,,,,吨,
320,新亚强硅化学股份有限公司（二厂）,q0083,罐组2（二厂区）,q0083b0013,罐组2,q0083w0013,,,粗产品储罐重量,q0083p0234,0,220,0,20,180,200,重大危险源点位,,,,,,吨,
321,新亚强硅化学股份有限公司（二厂）,q0083,罐组2（二厂区）,q0083b0013,罐组2,q0083w0013,,,粗产品储罐重量,q0083p0235,0,220,0,20,180,200,重大危险源点位,,,,,,吨,
322,新亚强硅化学股份有限公司（二厂）,q0083,罐组4（二厂区）,q0083b0015,罐组4,q0083w0015,,,含苯低沸物重量,q0083p0236,0,220,0,20,180,200,重大危险源点位,,,,,,吨,
323,新亚强硅化学股份有限公司（二厂）,q0083,罐组4（二厂区）,q0083b0015,罐组4,q0083w0015,,,含苯低沸物重量,q0083p0237,0,220,0,20,180,200,重大危险源点位,,,,,,吨,
324,新亚强硅化学股份有限公司（二厂）,q0083,罐组4（二厂区）,q0083b0015,罐组4,q0083w0015,,,低沸物重量,q0083p0238,0,220,0,20,180,200,重大危险源点位,,,,,,吨,
325,新亚强硅化学股份有限公司（二厂）,q0083,罐组4（二厂区）,q0083b0015,罐组4,q0083w0015,,,二苯馏分重量,q0083p0239,0,220,0,20,180,200,重大危险源点位,,,,,,吨,
326,新亚强硅化学股份有限公司（二厂）,q0083,罐组4（二厂区）,q0083b0015,罐组4,q0083w0015,,,二苯馏分重量,q0083p0240,0,220,0,20,180,200,重大危险源点位,,,,,,吨,
327,新亚强硅化学股份有限公司（二厂）,q0083,罐组4（二厂区）,q0083b0015,罐组4,q0083w0015,,,含苯低沸物重量,q0083p0241,0,220,0,20,180,200,重大危险源点位,,,,,,吨,
328,新亚强硅化学股份有限公司（二厂）,q0083,罐组2（二厂区）,q0083b0013,罐组2,q0083w0013,罐区工艺2,q0083s0006,盐酸重量,q0083p0420,,,0,20,180,200,工艺点位,,200,200,,,吨,
329,新亚强硅化学股份有限公司（二厂）,q0083,罐组6（二厂区）,q0083b0017,罐组6,q0083w0017,罐区工艺6,q0083s0009,硅醚重量,q0083p0428,,,0,20,180,200,工艺点位,,200,200,,,吨,
330,新亚强硅化学股份有限公司（二厂）,q0083,罐组6（二厂区）,q0083b0017,罐组6,q0083w0017,罐区工艺6,q0083s0009,三甲基氯硅烷重量,q0083p0421,,,0,20,180,200,工艺点位,,200,200,,,吨,
331,新亚强硅化学股份有限公司（二厂）,q0083,罐组6（二厂区）,q0083b0017,罐组6,q0083w0017,罐区工艺6,q0083s0009,三甲基氯硅烷重量,q0083p0422,,,0,20,180,200,工艺点位,,200,200,,,吨,
332,新亚强硅化学股份有限公司（二厂）,q0083,罐组6（二厂区）,q0083b0017,罐组6,q0083w0017,罐区工艺6,q0083s0009,含苯低沸物重量,q0083p0423,,,0,20,180,200,工艺点位,,200,200,,,吨,
333,新亚强硅化学股份有限公司（二厂）,q0083,罐组6（二厂区）,q0083b0017,罐组6,q0083w0017,罐区工艺6,q0083s0009,二次低沸物重量,q0083p0424,,,0,20,180,200,工艺点位,,200,200,,,吨,
334,新亚强硅化学股份有限公司（二厂）,q0083,罐组6（二厂区）,q0083b0017,罐组6,q0083w0017,罐区工艺6,q0083s0009,氯苯重量,q0083p0425,,,0,20,180,200,工艺点位,,200,200,,,吨,
335,新亚强硅化学股份有限公司（二厂）,q0083,罐组6（二厂区）,q0083b0017,罐组6,q0083w0017,罐区工艺6,q0083s0009,硅氮重量,q0083p0426,,,0,20,180,200,工艺点位,,200,201,,,吨,
336,新亚强硅化学股份有限公司（二厂）,q0083,罐组6（二厂区）,q0083b0017,罐组6,q0083w0017,罐区工艺6,q0083s0009,三甲重量,q0083p0427,,,0,20,180,200,工艺点位,,200,200,,,吨,
337,新亚强硅化学股份有限公司（二厂）,q0083,附属用房（二厂区）,q0083b0001,VOC处理工艺,q0083w0001,VOC处理工艺,q0083s0001,PH,q0083p0601,,,6,7,8,9,工艺点位,,360,410,,,,
338,新亚强硅化学股份有限公司（二厂）,q0083,钠库,q0083b0028,钠库,q0083w0028,,,钠库温度,q0083p0242,0,250,0,0,230,230,重大危险源点位,,34.11,118.35,,,℃,
339,新亚强硅化学股份有限公司（二厂）,q0083,液钠仓库,q0083b0029,液钠钠库,q0083w0029,,,V6100A压力,q0083p0243,0,600,0,0,300,300,重大危险源点位,,,,,,Kpa,
340,新亚强硅化学股份有限公司（二厂）,q0083,液钠仓库,q0083b0029,液钠钠库,q0083w0029,,,V6100A液位,q0083p0244,0,5200,0,0,4600,4600,重大危险源点位,,,,,,mm,
341,新亚强硅化学股份有限公司（二厂）,q0083,液钠仓库,q0083b0029,液钠钠库,q0083w0029,,,V6100A温度,q0083p0245,0,250,0,0,230,230,重大危险源点位,,,,,,℃,
342,新亚强硅化学股份有限公司（二厂）,q0083,液钠仓库,q0083b0029,液钠钠库,q0083w0029,,,V6100B压力,q0083p0246,0,600,0,0,300,300,重大危险源点位,,,,,,Kpa,
343,新亚强硅化学股份有限公司（二厂）,q0083,液钠仓库,q0083b0029,液钠钠库,q0083w0029,,,V6100B液位,q0083p0247,0,5200,0,0,4600,4600,重大危险源点位,,,,,,mm,
344,新亚强硅化学股份有限公司（二厂）,q0083,液钠仓库,q0083b0029,液钠钠库,q0083w0029,,,V6100B温度,q0083p0248,0,250,0,0,230,230,重大危险源点位,,,,,,℃,
345,新亚强硅化学股份有限公司（二厂）,q0083,罐组5,q0083b0038,罐组5,q0083w0011,,,V845A压力,q0083p0249,-0.1,1,0,0,0.8,0.8,重大危险源点位,,,,,,Mpa,
346,新亚强硅化学股份有限公司（二厂）,q0083,罐组5,q0083b0038,罐组5,q0083w0011,,,V845A液位,q0083p0250,0,6100,0,0,5400,5400,重大危险源点位,,,,,,mm,
347,新亚强硅化学股份有限公司（二厂）,q0083,罐组5,q0083b0038,罐组5,q0083w0011,,,V845A温度,q0083p0251,0,150,0,0,130,130,重大危险源点位,,,,,,℃,
348,新亚强硅化学股份有限公司（二厂）,q0083,罐组5,q0083b0038,罐组5,q0083w0011,,,V845B压力,q0083p0252,-0.1,1,0,0,0.8,0.8,重大危险源点位,,,,,,Mpa,
349,新亚强硅化学股份有限公司（二厂）,q0083,罐组5,q0083b0038,罐组5,q0083w0011,,,V845B液位,q0083p0253,0,6100,0,0,5400,5400,重大危险源点位,,,,,,mm,
350,新亚强硅化学股份有限公司（二厂）,q0083,罐组5,q0083b0038,罐组5,q0083w0011,,,V845B温度,q0083p0254,0,150,0,0,130,130,重大危险源点位,,,,,,℃,
351,新亚强硅化学股份有限公司（二厂）,q0083,罐组6-1,q0083b0039,罐组6-1,q0083w0039,,,V1029压力,q0083p0255,-0.1,1,0,0,0.8,0.8,重大危险源点位,,,,,,Mpa,
352,新亚强硅化学股份有限公司（二厂）,q0083,罐组6-1,q0083b0039,罐组6-1,q0083w0039,,,V1030压力,q0083p0256,-0.1,1,0,0,0.8,0.8,重大危险源点位,,,,,,Mpa,
353,新亚强硅化学股份有限公司（二厂）,q0083,罐组6-1,q0083b0039,罐组6-1,q0083w0039,,,V1031压力,q0083p0257,-0.1,1,0,0,0.8,0.8,重大危险源点位,,,,,,Mpa,
354,新亚强硅化学股份有限公司（二厂）,q0083,罐组6-1,q0083b0039,罐组6-1,q0083w0039,,,V1032压力,q0083p0258,-0.1,1,0,0,0.8,0.8,重大危险源点位,,,,,,,
355,新亚强硅化学股份有限公司（二厂）,q0083,罐组6-1,q0083b0039,罐组6-1,q0083w0039,,,V1033压力,q0083p0259,-0.1,1,0,0,0.8,0.8,重大危险源点位,,,,,,Mpa,
356,新亚强硅化学股份有限公司（二厂）,q0083,罐组6-1,q0083b0039,罐组6-1,q0083w0039,,,V1034压力,q0083p0260,-0.1,1,0,0,0.8,0.8,重大危险源点位,,,,,,Mpa,
357,新亚强硅化学股份有限公司（二厂）,q0083,罐组6-1,q0083b0039,罐组6-1,q0083w0039,,,V1035压力,q0083p0261,-0.1,1,0,0,0.8,0.8,重大危险源点位,,,,,,Mpa,
358,新亚强硅化学股份有限公司（二厂）,q0083,罐组6-1,q0083b0039,罐组6-1,q0083w0039,,,V1036压力,q0083p0262,-0.1,1,0,0,0.8,0.8,重大危险源点位,,,,,,Mpa,
359,新亚强硅化学股份有限公司（二厂）,q0083,罐组6-1,q0083b0039,罐组6-1,q0083w0039,,,V1037压力,q0083p0263,-0.1,1,0,0,0.8,0.8,重大危险源点位,,,,,,Mpa,
360,新亚强硅化学股份有限公司（二厂）,q0083,罐组6-1,q0083b0039,罐组6-1,q0083w0039,,,V1038压力,q0083p0264,-0.1,1,0,0,0.8,0.8,重大危险源点位,,,,,,Mpa,
361,新亚强硅化学股份有限公司（二厂）,q0083,罐组6-1,q0083b0039,罐组6-1,q0083w0039,,,V1039压力,q0083p0265,-0.1,1,0,0,0.8,0.8,重大危险源点位,,,,,,Mpa,
362,新亚强硅化学股份有限公司（二厂）,q0083,罐组6-1,q0083b0039,罐组6-1,q0083w0039,,,V1040压力,q0083p0266,-0.1,1,0,0,0.8,0.8,重大危险源点位,,,,,,Mpa,
363,新亚强硅化学股份有限公司（二厂）,q0083,罐组6-1,q0083b0039,罐组6-1,q0083w0039,,,V1041压力,q0083p0267,-0.1,1,0,0,0.8,0.8,重大危险源点位,,,,,,Mpa,
364,新亚强硅化学股份有限公司（二厂）,q0083,罐组6-1,q0083b0039,罐组6-1,q0083w0039,,,V1042压力,q0083p0268,-0.1,1,0,0,0.8,0.8,重大危险源点位,,,,,,Mpa,
365,新亚强硅化学股份有限公司（二厂）,q0083,罐组6-1,q0083b0039,罐组6-1,q0083w0039,,,V1043压力,q0083p0269,-0.1,1,0,0,0.8,0.8,重大危险源点位,,,,,,Mpa,
366,新亚强硅化学股份有限公司（二厂）,q0083,罐组6-1,q0083b0039,罐组6-1,q0083w0039,,,V1044压力,q0083p0270,-0.1,1,0,0,0.8,0.8,重大危险源点位,,,,,,Mpa,
367,新亚强硅化学股份有限公司（二厂）,q0083,罐组6-1,q0083b0039,罐组6-1,q0083w0039,,,V1045压力,q0083p0271,-0.1,1,0,0,0.8,0.8,重大危险源点位,,,,,,Mpa,
368,新亚强硅化学股份有限公司（二厂）,q0083,罐组6-1,q0083b0039,罐组6-1,q0083w0039,,,V1046压力,q0083p0272,-0.1,1,0,0,0.8,0.8,重大危险源点位,,,,,,Mpa,
369,新亚强硅化学股份有限公司（二厂）,q0083,罐组6-1,q0083b0039,罐组6-1,q0083w0039,,,V1047压力,q0083p0273,-0.1,1,0,0,0.8,0.8,重大危险源点位,,,,,,Mpa,
370,新亚强硅化学股份有限公司（二厂）,q0083,罐组6-1,q0083b0039,罐组6-1,q0083w0039,,,V1048压力,q0083p0274,-0.1,1,0,0,0.8,0.8,重大危险源点位,,,,,,Mpa,
371,新亚强硅化学股份有限公司（二厂）,q0083,罐组6-1,q0083b0039,罐组6-1,q0083w0039,,,V1049压力,q0083p0275,-0.1,1,0,0,0.8,0.8,重大危险源点位,,,,,,Mpa,
372,新亚强硅化学股份有限公司（二厂）,q0083,罐组6-1,q0083b0039,罐组6-1,q0083w0039,,,V1050压力,q0083p0276,-0.1,1,0,0,0.8,0.8,重大危险源点位,,,,,,Mpa,
373,新亚强硅化学股份有限公司（二厂）,q0083,罐组6-1,q0083b0039,罐组6-1,q0083w0039,,,V1051压力,q0083p0277,-0.1,1,0,0,0.8,0.8,重大危险源点位,,,,,,Mpa,
374,新亚强硅化学股份有限公司（二厂）,q0083,罐组6-1,q0083b0039,罐组6-1,q0083w0039,,,V1052压力,q0083p0278,-0.1,1,0,0,0.8,0.8,重大危险源点位,,,,,,Mpa,
375,新亚强硅化学股份有限公司（二厂）,q0083,罐组6-1,q0083b0039,罐组6-1,q0083w0039,,,V1029液位,q0083p0279,0,5600,0,0,5100,5100,重大危险源点位,,,,,,mm,
376,新亚强硅化学股份有限公司（二厂）,q0083,罐组6-1,q0083b0039,罐组6-1,q0083w0039,,,V1030液位,q0083p0280,0,5600,0,0,5100,5100,重大危险源点位,,,,,,mm,
377,新亚强硅化学股份有限公司（二厂）,q0083,罐组6-1,q0083b0039,罐组6-1,q0083w0039,,,V1031液位,q0083p0281,0,5600,0,0,5100,5100,重大危险源点位,,,,,,mm,
378,新亚强硅化学股份有限公司（二厂）,q0083,罐组6-1,q0083b0039,罐组6-1,q0083w0039,,,V1032液位,q0083p0282,0,5600,0,0,5100,5100,重大危险源点位,,,,,,mm,
379,新亚强硅化学股份有限公司（二厂）,q0083,罐组6-1,q0083b0039,罐组6-1,q0083w0039,,,V1033液位,q0083p0283,0,5600,0,0,5100,5100,重大危险源点位,,,,,,mm,
380,新亚强硅化学股份有限公司（二厂）,q0083,罐组6-1,q0083b0039,罐组6-1,q0083w0039,,,V1034液位,q0083p0284,0,5600,0,0,5100,5100,重大危险源点位,,,,,,mm,
381,新亚强硅化学股份有限公司（二厂）,q0083,罐组6-1,q0083b0039,罐组6-1,q0083w0039,,,V1035液位,q0083p0285,0,5600,0,0,5100,5100,重大危险源点位,,,,,,mm,
382,新亚强硅化学股份有限公司（二厂）,q0083,罐组6-1,q0083b0039,罐组6-1,q0083w0039,,,V1036液位,q0083p0286,0,5600,0,0,5100,5100,重大危险源点位,,,,,,mm,
383,新亚强硅化学股份有限公司（二厂）,q0083,罐组6-1,q0083b0039,罐组6-1,q0083w0039,,,V1037液位,q0083p0287,0,2800,0,0,2500,2500,重大危险源点位,,,,,,mm,
384,新亚强硅化学股份有限公司（二厂）,q0083,罐组6-1,q0083b0039,罐组6-1,q0083w0039,,,V1038液位,q0083p0288,0,2800,0,0,2500,2500,重大危险源点位,,,,,,mm,
385,新亚强硅化学股份有限公司（二厂）,q0083,罐组6-1,q0083b0039,罐组6-1,q0083w0039,,,V1039液位,q0083p0289,0,2800,0,0,2500,2500,重大危险源点位,,,,,,mm,
386,新亚强硅化学股份有限公司（二厂）,q0083,罐组6-1,q0083b0039,罐组6-1,q0083w0039,,,V1040液位,q0083p0290,0,2800,0,0,2500,2500,重大危险源点位,,,,,,mm,
387,新亚强硅化学股份有限公司（二厂）,q0083,罐组6-1,q0083b0039,罐组6-1,q0083w0039,,,V1041液位,q0083p0291,0,2800,0,0,2500,2500,重大危险源点位,,,,,,mm,
388,新亚强硅化学股份有限公司（二厂）,q0083,罐组6-1,q0083b0039,罐组6-1,q0083w0039,,,V1042液位,q0083p0292,0,2800,0,0,2500,2500,重大危险源点位,,,,,,mm,
389,新亚强硅化学股份有限公司（二厂）,q0083,罐组6-1,q0083b0039,罐组6-1,q0083w0039,,,V1043液位,q0083p0293,0,2800,0,0,2500,2500,重大危险源点位,,,,,,mm,
390,新亚强硅化学股份有限公司（二厂）,q0083,罐组6-1,q0083b0039,罐组6-1,q0083w0039,,,V1044液位,q0083p0294,0,2800,0,0,2500,2500,重大危险源点位,,,,,,mm,
391,新亚强硅化学股份有限公司（二厂）,q0083,罐组6-1,q0083b0039,罐组6-1,q0083w0039,,,V1045液位,q0083p0295,0,2800,0,0,2500,2500,重大危险源点位,,,,,,mm,
392,新亚强硅化学股份有限公司（二厂）,q0083,罐组6-1,q0083b0039,罐组6-1,q0083w0039,,,V1046液位,q0083p0296,0,2800,0,0,2500,2500,重大危险源点位,,,,,,mm,
393,新亚强硅化学股份有限公司（二厂）,q0083,罐组6-1,q0083b0039,罐组6-1,q0083w0039,,,V1047液位,q0083p0297,0,2800,0,0,2500,2500,重大危险源点位,,,,,,mm,
394,新亚强硅化学股份有限公司（二厂）,q0083,罐组6-1,q0083b0039,罐组6-1,q0083w0039,,,V1048液位,q0083p0298,0,2800,0,0,2500,2500,重大危险源点位,,,,,,mm,
395,新亚强硅化学股份有限公司（二厂）,q0083,罐组6-1,q0083b0039,罐组6-1,q0083w0039,,,V1049液位,q0083p0299,0,2800,0,0,2500,2500,重大危险源点位,,,,,,mm,
396,新亚强硅化学股份有限公司（二厂）,q0083,罐组6-1,q0083b0039,罐组6-1,q0083w0039,,,V1050液位,q0083p0300,0,2800,0,0,2500,2500,重大危险源点位,,,,,,mm,
397,新亚强硅化学股份有限公司（二厂）,q0083,罐组6-1,q0083b0039,罐组6-1,q0083w0039,,,V1051液位,q0083p0301,0,2800,0,0,2500,2500,重大危险源点位,,,,,,mm,
398,新亚强硅化学股份有限公司（二厂）,q0083,罐组6-1,q0083b0039,罐组6-1,q0083w0039,,,V1052液位,q0083p0302,0,2800,0,0,2500,2500,重大危险源点位,,,,,,mm,
399,新亚强硅化学股份有限公司（二厂）,q0083,罐组6-1,q0083b0039,罐组6-1,q0083w0039,,,V1029温度,q0083p0303,0,150,0,0,130,130,重大危险源点位,,,,,,℃,
400,新亚强硅化学股份有限公司（二厂）,q0083,罐组6-1,q0083b0039,罐组6-1,q0083w0039,,,V1030温度,q0083p0304,0,150,0,0,130,130,重大危险源点位,,,,,,℃,
401,新亚强硅化学股份有限公司（二厂）,q0083,罐组6-1,q0083b0039,罐组6-1,q0083w0039,,,V1031温度,q0083p0305,0,150,0,0,130,130,重大危险源点位,,,,,,℃,
402,新亚强硅化学股份有限公司（二厂）,q0083,罐组6-1,q0083b0039,罐组6-1,q0083w0039,,,V1032温度,q0083p0306,0,150,0,0,130,130,重大危险源点位,,,,,,℃,
403,新亚强硅化学股份有限公司（二厂）,q0083,罐组6-1,q0083b0039,罐组6-1,q0083w0039,,,V1033温度,q0083p0307,0,150,0,0,130,130,重大危险源点位,,,,,,℃,
404,新亚强硅化学股份有限公司（二厂）,q0083,罐组6-1,q0083b0039,罐组6-1,q0083w0039,,,V1034温度,q0083p0308,0,150,0,0,130,130,重大危险源点位,,,,,,℃,
405,新亚强硅化学股份有限公司（二厂）,q0083,罐组6-1,q0083b0039,罐组6-1,q0083w0039,,,V1035温度,q0083p0309,0,150,0,0,130,130,重大危险源点位,,,,,,℃,
406,新亚强硅化学股份有限公司（二厂）,q0083,罐组6-1,q0083b0039,罐组6-1,q0083w0039,,,V1036温度,q0083p0310,0,150,0,0,130,130,重大危险源点位,,,,,,℃,
407,新亚强硅化学股份有限公司（二厂）,q0083,罐组6-1,q0083b0039,罐组6-1,q0083w0039,,,V1037温度,q0083p0311,0,150,0,0,130,130,重大危险源点位,,,,,,℃,
408,新亚强硅化学股份有限公司（二厂）,q0083,罐组6-1,q0083b0039,罐组6-1,q0083w0039,,,V1038温度,q0083p0312,0,150,0,0,130,130,重大危险源点位,,,,,,℃,
409,新亚强硅化学股份有限公司（二厂）,q0083,罐组6-1,q0083b0039,罐组6-1,q0083w0039,,,V1039温度,q0083p0313,0,150,0,0,130,130,重大危险源点位,,,,,,℃,
410,新亚强硅化学股份有限公司（二厂）,q0083,罐组6-1,q0083b0039,罐组6-1,q0083w0039,,,V1040温度,q0083p0314,0,150,0,0,130,130,重大危险源点位,,,,,,℃,
411,新亚强硅化学股份有限公司（二厂）,q0083,罐组6-1,q0083b0039,罐组6-1,q0083w0039,,,V1041温度,q0083p0315,0,150,0,0,130,130,重大危险源点位,,,,,,℃,
412,新亚强硅化学股份有限公司（二厂）,q0083,罐组6-1,q0083b0039,罐组6-1,q0083w0039,,,V1042温度,q0083p0316,0,150,0,0,130,130,重大危险源点位,,,,,,℃,
413,新亚强硅化学股份有限公司（二厂）,q0083,罐组6-1,q0083b0039,罐组6-1,q0083w0039,,,V1043温度,q0083p0317,0,150,0,0,130,130,重大危险源点位,,,,,,℃,
414,新亚强硅化学股份有限公司（二厂）,q0083,罐组6-1,q0083b0039,罐组6-1,q0083w0039,,,V1044温度,q0083p0318,0,150,0,0,130,130,重大危险源点位,,,,,,℃,
415,新亚强硅化学股份有限公司（二厂）,q0083,罐组6-1,q0083b0039,罐组6-1,q0083w0039,,,V1045温度,q0083p0319,0,150,0,0,130,130,重大危险源点位,,,,,,℃,
416,新亚强硅化学股份有限公司（二厂）,q0083,罐组6-1,q0083b0039,罐组6-1,q0083w0039,,,V1046温度,q0083p0320,0,150,0,0,130,130,重大危险源点位,,,,,,℃,
417,新亚强硅化学股份有限公司（二厂）,q0083,罐组6-1,q0083b0039,罐组6-1,q0083w0039,,,V1047温度,q0083p0321,0,150,0,0,130,130,重大危险源点位,,,,,,℃,
418,新亚强硅化学股份有限公司（二厂）,q0083,罐组6-1,q0083b0039,罐组6-1,q0083w0039,,,V1048温度,q0083p0322,0,150,0,0,130,130,重大危险源点位,,,,,,℃,
419,新亚强硅化学股份有限公司（二厂）,q0083,罐组6-1,q0083b0039,罐组6-1,q0083w0039,,,V1049温度,q0083p0323,0,150,0,0,130,130,重大危险源点位,,,,,,℃,
420,新亚强硅化学股份有限公司（二厂）,q0083,罐组6-1,q0083b0039,罐组6-1,q0083w0039,,,V1050温度,q0083p0324,0,150,0,0,130,130,重大危险源点位,,,,,,℃,
421,新亚强硅化学股份有限公司（二厂）,q0083,罐组6-1,q0083b0039,罐组6-1,q0083w0039,,,V1051温度,q0083p0325,0,150,0,0,130,130,重大危险源点位,,,,,,℃,
422,新亚强硅化学股份有限公司（二厂）,q0083,罐组6-1,q0083b0039,罐组6-1,q0083w0039,,,V1052温度,q0083p0326,0,150,0,0,130,130,重大危险源点位,,,,,,℃,
